laptop_ID,Company,Product,TypeName,Inches,ScreenResolution,Cpu,Ram,Memory,Gpu,OpSys,Weight,Price_euros
0,1,0,0,0,13.3,0,0,8,0,0,0,1.37,1339.69
1,2,0,1,0,13.3,1,1,8,1,1,0,1.34,898.94
2,3,1,2,1,15.6,2,2,8,2,2,1,1.86,575.0
3,4,0,0,0,15.4,3,3,16,3,3,0,1.83,2537.45
4,5,0,0,0,13.3,0,4,8,2,4,0,1.37,1803.6
5,6,2,3,1,15.6,4,5,4,4,5,2,2.1,400.0
6,7,0,0,0,15.4,3,6,16,5,6,3,2.04,2139.97
7,8,0,1,0,13.3,1,1,8,5,1,0,1.34,1158.7
8,9,3,4,0,14.0,2,7,16,3,7,2,1.3,1495.0
9,10,2,5,0,14.0,5,8,8,2,8,2,1.6,770.0
10,11,1,2,1,15.6,4,2,4,4,2,1,1.86,393.9
11,12,1,2,1,15.6,2,9,4,4,9,1,1.86,344.99
12,13,0,0,0,15.4,3,10,16,2,10,0,1.83,2439.97
13,14,4,6,1,15.6,2,9,4,2,11,2,2.2,498.9
14,15,0,7,0,12.0,6,11,8,2,12,0,0.92,1262.4
15,16,0,0,0,13.3,0,0,8,2,0,0,1.37,1518.55
16,17,4,6,1,15.6,2,12,8,2,11,2,2.2,745.0
17,18,0,0,0,15.4,3,13,16,3,13,0,1.83,2858.0
18,19,5,8,1,15.6,2,14,8,6,14,1,2.2,499.0
19,20,4,9,0,13.3,7,8,8,0,8,2,1.22,979.0
20,21,3,10,2,11.6,4,15,2,7,15,2,0.98,191.9
21,22,5,11,3,15.6,5,16,8,8,16,2,2.5,999.0
22,23,1,12,1,15.6,4,17,4,4,17,1,1.86,258.0
23,24,4,13,4,13.3,8,8,8,2,8,2,1.62,819.0
24,25,1,14,0,15.6,2,7,8,2,2,2,1.91,659.0
25,26,4,6,1,15.6,4,9,4,6,9,2,2.3,418.64
26,27,0,15,0,13.3,1,18,8,1,1,3,1.35,1099.0
27,28,4,16,1,15.6,2,8,8,2,18,2,2.2,800.0
28,29,4,17,0,15.6,2,19,8,9,8,2,1.88,1298.0
29,30,1,18,1,17.3,2,8,8,6,19,2,2.5,896.0
30,31,6,19,1,15.6,2,20,4,10,20,2,1.89,244.99
31,32,3,20,1,14.0,4,21,2,7,17,2,1.65,199.0
32,33,1,21,1,17.3,2,22,4,4,18,2,2.71,439.0
33,34,4,9,0,13.3,9,7,16,3,8,2,1.2,1869.0
34,35,0,15,0,13.3,1,18,8,5,1,3,1.35,998.0
35,36,5,22,1,14.0,4,23,4,10,21,2,1.44,249.0
36,37,2,3,1,15.6,4,24,4,6,2,4,2.1,367.0
37,38,4,23,1,17.3,5,8,8,8,18,2,2.8,979.0
38,39,1,2,1,15.6,4,2,4,6,2,2,1.86,488.69
39,40,1,24,1,15.6,2,8,8,2,22,2,2.1,879.0
40,41,3,25,1,15.6,2,9,4,6,2,4,2,389.0
41,42,4,26,3,15.6,5,25,16,11,23,2,2.65,1499.0
42,43,3,27,1,15.6,4,2,8,6,14,4,2.3,522.99
43,44,2,28,1,15.6,5,8,4,2,8,2,2.2,682.0
44,45,4,29,4,17.3,8,8,12,6,24,2,2.77,999.0
45,46,0,0,0,13.3,0,26,8,2,25,0,1.37,1419.0
46,47,5,30,1,15.6,4,9,4,0,9,1,2.2,369.0
47,48,3,31,3,17.3,2,27,8,11,26,2,3.2,1299.0
48,49,4,6,1,15.6,2,2,4,2,11,2,2.3,639.0
49,50,3,32,1,17.3,4,28,4,6,27,2,2.8,466.0
50,51,5,33,4,10.1,10,29,4,10,15,5,0.69,319.0
51,52,2,28,1,15.6,5,7,8,2,7,2,2.2,841.0
52,53,1,12,1,15.6,2,22,4,2,28,2,1.86,398.49
53,54,1,34,1,13.3,2,7,8,3,8,2,1.49,1103.0
54,55,2,3,1,15.6,4,14,4,6,2,2,2.4,384.0
55,56,4,35,1,15.6,2,7,8,2,29,2,2.13,767.8
56,57,1,36,1,15.6,2,9,4,0,9,2,1.91,439.0
57,58,3,37,1,15.6,4,2,4,2,2,2,2,586.19
58,59,7,38,3,17.3,2,25,16,12,30,2,2.43,2449.0
59,60,3,39,1,15.6,2,9,4,2,9,4,2,415.0
60,61,4,23,1,17.3,2,7,16,12,18,2,2.8,1299.0
61,62,4,40,0,14.0,2,8,8,2,8,2,1.7,879.0
62,63,5,41,1,14.0,5,24,8,2,2,1,1.7,599.0
63,64,3,42,1,14.0,2,8,8,2,8,2,1.4,941.0
64,66,1,2,1,15.6,2,2,8,2,2,2,1.86,690.0
65,67,3,43,0,15.6,2,25,16,3,31,2,1.8,1983.0
66,68,1,2,1,15.6,4,9,4,4,29,2,1.86,438.69
67,69,1,44,1,14.0,4,30,4,13,15,2,1.44,229.0
68,70,5,45,1,15.6,2,2,4,6,2,2,1.9,549.0
69,71,3,46,3,17.3,2,25,12,6,31,4,3,949.0
70,72,8,47,0,13.5,11,2,4,0,2,6,1.252,1089.0
71,73,4,48,0,13.3,5,7,8,2,18,2,1.4,955.0
72,74,4,16,1,15.6,2,7,8,2,18,2,2.2,870.0
73,75,7,49,3,17.3,2,16,8,8,16,2,2.7,1095.0
74,76,2,50,1,14.0,4,9,8,6,9,2,2.1,389.0
75,77,3,51,3,15.6,2,25,8,6,16,2,2.2,949.0
76,78,5,52,1,15.6,2,2,8,14,2,1,2.2,519.0
77,79,4,16,1,15.6,2,7,8,8,8,2,2.02,855.0
78,80,2,53,1,15.6,2,24,4,6,32,2,2.2,530.0
79,81,1,18,1,17.3,2,8,8,8,19,2,2.5,977.0
80,82,4,17,0,15.6,5,8,8,2,8,2,1.88,1096.16
81,83,0,7,0,12.0,6,31,8,3,12,0,0.92,1510.0
82,84,1,54,1,14.0,2,8,8,2,2,2,1.63,860.0
83,85,5,55,1,15.6,2,22,4,0,33,2,2.2,399.0
84,86,2,3,1,15.6,4,5,4,6,5,2,2.1,395.0
85,87,4,26,3,15.6,5,25,16,8,31,2,2.65,1349.0
86,88,1,56,0,15.6,5,7,8,2,34,2,1.83,699.0
87,89,1,2,1,15.6,2,2,8,2,2,2,1.96,598.99
88,90,3,57,3,15.6,5,25,16,8,23,2,2.2,1449.0
89,91,4,9,0,13.3,5,7,8,2,8,2,1.21,1649.0
90,92,3,58,3,15.6,2,32,8,6,35,2,2.45,699.0
91,93,2,59,1,15.6,2,7,8,6,7,2,2.2,689.0
92,94,1,60,1,13.3,2,7,16,3,8,2,1.49,1197.0
93,95,4,26,3,15.6,2,16,8,2,23,2,2.65,1195.0
94,96,3,61,0,14.0,2,12,8,2,2,2,1.25,1049.0
95,97,2,62,4,13.3,7,8,8,2,8,2,1.5,847.0
96,98,4,6,1,15.6,2,12,8,6,11,4,2.2,599.9
97,99,4,6,1,15.6,2,9,4,2,11,4,2.2,485.0
98,100,3,63,1,15.6,2,14,6,2,36,2,2,577.0
99,102,1,64,3,15.6,5,25,12,8,16,2,2.62,1249.0
100,103,1,65,1,15.6,2,12,8,2,18,2,1.91,719.0
101,104,1,66,1,15.6,2,17,4,4,17,2,2.1,349.0
102,105,4,35,1,15.6,2,8,8,6,29,4,2.2,647.0
103,106,1,67,0,13.3,5,12,8,2,7,2,1.38,1119.0
104,107,8,47,0,13.5,11,2,8,2,2,6,1.252,1340.0
105,108,1,68,1,14.0,5,2,6,2,14,2,1.58,659.0
106,109,5,69,1,15.6,2,9,4,6,9,2,1.85,414.9
107,110,3,70,0,14.0,5,12,8,2,14,2,1.3,1193.0
108,111,7,71,3,15.6,2,25,16,11,31,2,2.2,1299.0
109,112,5,72,1,14.0,5,12,8,2,2,2,1.58,1480.0
110,113,3,73,0,15.6,2,7,16,11,7,2,1.5,1262.0
111,114,4,9,0,13.3,12,33,8,2,0,2,1.23,1379.0
112,115,5,74,4,13.3,7,2,8,2,2,2,1.37,1399.0
113,116,1,75,1,14.0,13,8,4,4,8,2,1.63,722.0
114,117,4,9,0,13.3,5,8,8,2,8,2,1.21,1629.0
115,118,1,76,4,13.3,7,8,8,2,8,2,1.26,1398.99
116,119,1,75,1,14.0,2,7,8,3,8,2,1.63,1084.0
117,120,4,77,1,15.6,5,7,8,11,14,2,2.16,1130.33
118,121,3,78,1,17.3,2,9,4,6,27,2,2,564.0
119,122,3,73,1,15.6,2,7,8,2,14,2,1.7,1118.0
120,123,2,79,1,15.6,7,14,6,6,2,2,2.1,479.0
121,124,7,80,3,15.6,2,25,16,12,30,2,1.8,2241.5
122,125,5,52,1,15.6,2,2,8,2,14,1,2.2,629.0
123,126,1,81,1,17.3,2,7,16,3,22,2,2.5,1271.0
124,127,2,3,1,15.6,4,5,4,2,5,2,2.1,451.0
125,128,1,2,1,15.6,4,30,4,4,15,1,1.86,259.0
126,129,1,75,1,14.0,2,8,8,6,8,2,1.63,812.0
127,130,3,82,1,14.0,4,34,4,15,17,6,1.65,277.99
128,131,4,23,1,17.3,2,7,16,12,18,2,2.8,1396.0
129,132,1,18,1,17.3,2,8,8,2,8,2,2.5,928.0
130,133,4,83,1,15.6,4,2,8,6,37,2,2.36,638.99
131,134,4,6,1,15.6,2,9,4,6,11,2,2.2,449.0
132,135,2,5,0,14.0,5,7,8,2,8,2,1.6,884.0
133,136,2,84,1,15.6,2,24,4,2,32,2,2.2,572.0
134,137,1,85,1,15.6,4,12,8,6,2,2,2.05,598.0
135,138,1,75,1,14.0,2,7,8,2,8,2,1.63,988.0
136,139,5,86,1,15.6,4,23,4,6,21,1,1.9,252.36
137,140,3,87,3,17.3,2,16,8,8,16,2,3,938.0
138,141,5,52,1,15.6,2,2,4,6,27,1,2.2,499.0
139,142,1,88,1,13.3,5,2,4,2,2,2,1.32,699.0
140,143,2,59,1,17.3,5,24,4,6,32,2,3,655.0
141,144,5,89,1,14.0,5,8,8,2,38,2,1.75,1116.02
142,145,5,11,3,15.6,5,25,8,2,39,1,2.4,869.0
143,146,9,90,1,15.6,4,35,4,4,9,2,2.1,602.0
144,147,1,12,1,15.6,4,22,4,2,28,2,1.86,369.0
145,148,3,91,0,14.0,2,7,8,2,8,2,1.25,1099.0
146,149,1,92,0,12.5,14,36,8,3,40,2,0.97,2014.0
147,150,3,93,1,15.6,2,23,4,6,21,2,2,344.0
148,151,7,94,3,17.3,2,25,16,11,30,2,2.9,2029.0
149,152,2,95,1,15.6,4,9,4,6,9,2,2.1,447.0
150,153,4,96,3,15.6,2,25,16,3,16,2,2.56,1249.26
151,154,4,97,3,15.6,2,25,8,16,16,2,2.62,899.0
152,155,5,98,1,15.6,4,2,4,0,2,2,1.9,498.0
153,156,7,99,3,17.3,2,25,16,11,23,2,2.8,1890.0
154,157,1,100,0,14.0,2,37,4,2,2,2,1.48,1082.0
155,158,1,101,1,15.6,2,8,6,2,29,2,1.91,619.0
156,159,5,102,4,14.0,7,14,4,2,2,2,1.74,629.0
157,160,3,103,4,13.3,8,8,8,2,2,2,1.1,1315.0
158,161,4,104,4,15.6,8,7,8,2,8,2,1.56,1049.0
159,163,9,90,1,15.6,4,38,4,4,9,2,2.1,447.0
160,164,3,105,1,15.6,4,5,4,6,41,2,2.03,403.0
161,165,2,106,1,17.3,5,8,4,2,7,2,3,805.0
162,166,4,35,1,15.6,2,8,8,2,29,2,2.13,728.0
163,167,5,11,3,15.6,5,25,16,2,31,2,2.5,1079.0
164,168,2,107,1,15.6,4,23,4,6,21,2,2.1,348.0
165,169,7,108,3,15.6,5,25,16,11,23,2,2.4,1799.0
166,170,2,3,1,15.6,4,28,4,6,42,2,2.1,363.51
167,171,4,96,3,15.6,2,25,8,8,16,2,2.56,1060.49
168,172,2,106,1,17.3,5,8,8,2,7,2,3,854.0
169,173,1,34,1,13.3,5,8,4,4,8,2,1.49,754.0
170,174,10,109,0,13.0,15,2,8,2,2,2,1.05,1349.0
171,175,1,110,1,17.3,5,2,6,14,29,2,2.71,699.0
172,176,5,55,1,15.6,4,39,4,4,28,1,2.2,309.0
173,177,9,90,1,15.6,4,14,4,4,2,2,2,489.0
174,178,1,18,1,17.3,2,8,8,2,19,2,2.5,923.0
175,179,4,6,1,15.6,4,14,8,6,2,2,2.3,459.0
176,180,2,95,1,15.6,4,9,4,0,9,2,2.1,449.0
177,181,7,111,3,18.4,2,40,32,17,43,2,4.4,2799.0
178,182,5,112,1,15.6,2,2,8,8,44,2,1.90,813.0
179,183,1,76,4,13.3,14,8,8,2,8,2,1.29,1499.0
180,184,4,16,1,15.6,2,7,16,12,18,4,2.02,1049.0
181,185,4,9,0,13.3,2,8,8,2,8,2,1.23,1399.0
182,186,5,113,4,13.9,14,7,16,3,8,2,1.4,1849.0
183,187,9,90,1,15.6,4,2,8,0,2,2,2.0,793.0
184,188,11,114,1,15.6,5,8,8,2,7,1,1.95,1199.0
185,189,4,29,1,17.3,8,7,16,3,24,2,2.77,1549.0
186,190,4,115,1,15.6,16,25,16,3,16,2,2.06,2397.0
187,191,5,11,3,15.6,5,16,8,2,16,1,2.4,779.0
188,192,2,116,0,13.3,5,41,8,2,12,2,1.12,989.0
189,193,4,23,1,17.3,2,7,8,8,18,2,2.8,1085.0
190,194,5,117,4,14.0,17,12,16,18,2,2,1.42,2824.0
191,195,12,118,1,14.0,5,23,4,7,21,2,1.3,260.0
192,196,11,114,0,13.3,5,2,8,2,7,1,1.3,999.9
193,197,5,119,1,17.3,18,8,8,2,7,1,2.8,698.0
194,198,4,13,4,13.3,7,7,8,6,8,2,1.62,839.0
195,199,1,18,1,17.3,5,8,8,6,19,2,2.5,914.0
196,200,13,120,3,17.3,16,42,32,18,45,2,3.49,6099.0
197,201,1,34,1,13.3,2,8,8,3,8,2,1.49,959.0
198,202,1,121,3,17.3,5,25,16,11,16,2,3.35,1379.0
199,203,1,81,1,17.3,2,7,8,2,22,2,2.5,1045.0
200,204,4,26,3,15.6,19,25,16,17,23,2,2.65,1845.0
201,205,5,122,1,15.6,4,35,4,0,9,2,2.1,493.0
202,206,2,123,1,15.6,2,12,8,6,14,2,2.23,742.0
203,207,5,124,3,15.6,5,25,16,17,23,2,3.2,1749.0
204,208,4,125,5,15.6,20,43,16,11,46,2,2.8,3055.0
205,209,5,11,3,15.6,2,25,16,3,23,1,2.4,1398.0
206,210,4,6,1,15.6,21,14,6,6,2,2,2.3,439.0
207,211,4,9,0,13.3,14,7,8,2,8,2,1.21,1949.0
208,212,4,9,0,13.3,2,7,8,2,8,2,1.2,1449.0
209,213,5,52,1,15.6,4,2,8,2,2,2,2.2,597.0
210,215,2,126,1,15.6,2,25,8,6,16,4,2.4,779.0
211,216,3,127,3,17.3,2,25,16,11,16,2,2.9,1407.0
212,217,1,128,1,15.6,2,9,4,4,9,1,2.1,349.0
213,218,5,52,1,15.6,2,2,8,2,2,1,2.2,549.0
214,219,10,109,0,13.0,15,12,8,3,2,2,1.05,1499.0
215,220,4,48,0,13.3,5,7,8,2,18,2,1.4,931.88
216,221,5,129,1,17.3,18,2,8,6,34,1,2.8,589.0
217,222,1,75,1,14.0,2,7,8,2,19,2,1.63,1031.0
218,223,4,130,0,14.0,2,8,8,2,8,2,1.6,1149.0
219,224,4,13,4,13.3,8,7,16,3,8,2,1.62,1279.0
220,225,4,35,1,15.6,2,8,8,2,29,4,2.2,677.35
221,226,5,102,4,14.0,5,8,8,2,8,2,1.74,899.0
222,227,9,131,0,13.3,2,44,8,2,9,2,1.2,1363.0
223,228,1,24,1,15.6,2,8,8,6,8,2,2.1,794.0
224,229,4,132,3,17.3,5,25,16,11,23,2,4.42,2456.34
225,230,2,123,1,15.6,2,12,8,2,14,2,2.2,832.0
226,231,4,83,1,15.6,8,12,16,6,37,2,2.3,859.01
227,232,3,133,1,15.6,2,2,8,2,47,2,2,769.0
228,233,3,134,1,17.3,2,2,8,19,48,2,2.69,891.0
229,234,1,135,1,15.6,2,12,8,6,49,2,1.9,1269.0
230,235,3,136,1,15.6,4,14,4,6,2,2,2.37,398.99
231,236,1,137,1,15.6,4,45,4,4,17,2,2.1,330.0
232,237,5,124,3,15.6,5,25,16,11,23,2,3.2,1499.0
233,238,4,138,1,14.0,2,2,8,2,2,2,1.6,859.0
234,239,2,139,4,13.3,7,35,8,2,9,2,1.6,689.0
235,240,4,83,1,15.6,2,12,16,2,37,4,2.36,899.0
236,241,2,95,1,15.6,4,9,4,6,9,4,2.1,390.0
237,242,3,140,1,15.6,2,46,4,8,11,2,2.2,575.0
238,243,3,141,3,17.3,2,42,32,17,45,2,4.7,3890.0
239,244,2,142,3,15.6,5,16,8,2,16,2,2.5,846.0
240,245,5,30,1,15.6,4,9,8,0,9,2,2.2,589.0
241,246,3,143,1,17.3,2,7,8,8,24,2,2.1,1145.0
242,247,3,144,1,17.3,2,12,8,8,48,1,2.69,889.0
243,248,4,96,3,15.6,2,16,8,2,16,2,2.56,879.0
244,249,5,145,4,13.9,7,12,8,2,2,2,1.38,1079.0
245,250,4,16,1,15.6,2,7,8,20,18,2,2.2,985.0
246,251,1,146,1,15.6,21,2,8,6,2,2,2.04,559.0
247,252,3,147,3,17.3,2,42,16,2,45,2,3.6,2999.0
248,253,1,34,1,13.3,5,8,4,4,8,2,1.49,675.0
249,254,0,0,0,13.3,0,4,8,3,4,0,1.37,2040.0
250,255,4,104,4,15.6,7,7,8,6,8,2,2.08,819.0
251,256,3,148,3,17.3,2,25,16,11,50,2,4.3,1799.0
252,257,3,149,1,15.6,4,5,4,6,41,2,1.68,469.0
253,258,5,113,4,13.9,7,7,8,3,8,2,1.37,1849.0
254,259,2,59,1,17.3,5,24,4,2,32,2,3,702.0
255,260,4,150,0,13.3,2,8,8,2,8,2,1.41,949.0
256,261,1,151,1,15.6,4,47,8,0,28,2,1.91,445.9
257,262,1,152,1,17.3,5,7,16,6,7,2,2.9,1059.0
258,263,7,153,3,17.3,2,25,16,17,30,2,4.14,2499.0
259,264,5,154,4,15.6,7,25,8,3,39,2,2,1699.0
260,265,4,23,1,17.3,2,7,8,8,18,2,2.8,1142.0
261,266,5,30,1,15.6,2,9,4,2,9,1,2.2,444.0
262,267,1,24,1,15.6,5,8,4,4,2,2,2.1,722.0
263,268,4,155,1,15.6,2,2,4,6,2,2,2.18,657.0
264,269,4,6,1,15.6,2,2,8,6,11,2,2.24,565.0
265,270,4,104,4,15.6,8,8,8,2,8,2,2.67,799.0
266,271,3,103,4,13.3,8,7,8,21,8,2,1.1,1499.0
267,272,5,52,1,15.6,2,2,4,6,2,1,2.2,467.0
268,273,1,81,1,17.3,2,7,8,6,22,2,2.5,1018.0
269,274,5,156,1,15.6,2,7,8,2,8,2,2.05,880.0
270,275,0,0,0,13.3,0,48,8,3,51,0,1.37,1958.9
271,276,3,31,3,17.3,2,27,16,11,26,2,3.2,1549.0
272,277,4,35,1,15.6,2,7,8,2,29,4,2.14,735.07
273,278,5,157,4,14.0,17,49,16,3,9,2,1.36,2499.0
274,279,9,90,1,15.6,4,44,8,4,52,2,2.2,812.0
275,280,4,83,1,15.6,4,12,12,6,2,2,2.3,713.07
276,281,4,23,1,17.3,2,7,8,8,18,4,2.8,1099.0
277,282,2,28,1,15.6,5,7,8,6,32,2,2.2,745.0
278,283,5,158,1,17.3,18,9,4,6,9,2,2.8,489.0
279,284,5,119,1,17.3,2,7,8,14,7,1,2.8,849.0
280,285,5,129,1,17.3,18,12,6,8,14,2,2.8,859.0
281,286,4,6,1,15.6,2,50,4,6,11,4,2.25,428.0
282,287,5,11,3,15.6,5,16,8,2,16,2,2.5,829.0
283,288,5,159,1,15.6,2,2,6,2,2,2,2.2,579.0
284,289,2,106,1,15.6,5,7,8,2,7,2,3,951.0
285,290,2,160,1,15.6,7,12,12,6,2,2,2.15,659.0
286,291,5,161,1,15.6,5,12,8,2,53,2,1.95,1097.0
287,292,3,73,0,15.6,2,2,8,2,14,2,1.7,977.0
288,293,5,11,3,15.6,5,25,16,11,31,2,2.5,1179.0
289,294,5,8,1,15.6,2,12,8,6,14,1,2.2,659.01
290,295,2,162,1,15.6,4,51,2,22,20,7,2.19,199.0
291,296,3,163,3,17.3,2,25,8,6,16,2,3,1187.0
292,297,1,164,1,17.3,18,9,8,6,9,2,2.54,489.0
293,298,4,115,1,15.6,2,25,8,2,16,2,2,1829.0
294,299,5,165,1,15.6,2,8,8,2,8,2,2.05,739.0
295,300,5,124,3,15.6,5,25,8,6,23,2,3.2,1299.0
296,301,2,166,1,15.6,2,25,8,2,31,4,2.5,979.0
297,302,4,167,5,17.3,2,52,16,2,46,2,3.42,2884.86
298,303,5,168,1,15.6,2,53,6,6,54,2,2.4,499.0
299,304,3,169,0,15.6,2,12,16,3,14,2,1.63,1468.0
300,305,3,170,1,14.0,4,14,4,0,2,2,1.3,509.0
301,306,3,171,3,17.3,2,25,16,11,30,2,2.9,2122.0
302,307,5,129,1,17.3,18,2,6,6,55,2,2.8,649.0
303,308,5,52,1,15.6,4,2,8,14,14,1,2.2,549.0
304,309,3,172,3,15.6,2,25,8,8,31,2,2.5,1265.0
305,310,5,173,1,15.6,4,28,4,6,42,1,2.2,359.99
306,311,1,174,4,13.3,8,54,16,2,2,2,1.28,1975.0
307,312,9,90,1,15.6,5,44,8,2,52,2,2.2,1043.0
308,313,5,8,1,15.6,2,2,8,8,14,2,2.3,819.0
309,314,1,2,1,15.6,2,9,4,6,9,2,1.86,469.0
310,315,5,175,1,13.3,5,2,8,2,2,2,1.1,999.0
311,316,4,9,0,13.3,14,7,16,18,8,2,1.21,2499.0
312,317,7,176,3,15.6,5,25,16,11,30,2,2.8,2099.0
313,318,2,177,1,15.6,2,55,8,2,5,2,2.23,469.0
314,319,3,178,4,11.6,21,23,2,7,21,2,1.1,275.0
315,320,4,16,1,15.6,2,8,8,8,18,2,2.33,844.0
316,321,1,76,4,13.3,14,7,16,18,8,2,1.29,2449.0
317,322,5,179,1,13.3,4,56,4,23,56,7,1.45,459.9
318,323,1,180,1,14.0,2,2,8,2,2,2,1.95,980.0
319,324,2,181,1,11.6,4,57,4,1,57,2,1.4,485.0
320,325,1,182,1,14.0,2,12,8,2,2,2,1.48,1292.0
321,326,5,129,1,17.3,18,2,4,6,27,2,2.79,589.0
322,327,3,183,1,14.0,2,12,8,2,2,2,2,1094.0
323,329,1,24,1,15.6,22,7,8,6,8,2,2.1,902.0
324,330,2,59,1,15.6,4,58,8,2,58,2,2.2,659.0
325,331,5,22,1,14.0,4,23,4,7,21,2,1.44,292.0
326,332,2,184,1,15.6,4,2,6,6,2,2,2.23,549.0
327,333,3,73,0,15.6,2,12,8,2,14,2,1.7,1049.9
328,334,1,185,0,12.5,2,12,8,2,2,2,1.26,1335.0
329,335,4,115,1,15.6,16,25,32,18,16,2,2.06,2639.0
330,336,7,186,3,17.3,2,25,8,11,31,2,2.7,1199.0
331,337,9,90,1,15.6,5,2,8,2,2,2,2.0,943.0
332,338,3,187,1,14.0,2,12,8,11,2,2,2,1334.0
333,339,5,188,1,15.6,2,9,4,6,9,2,1.85,449.0
334,340,3,189,3,15.6,2,25,8,2,16,2,2.5,999.0
335,341,1,100,1,14.0,2,59,8,2,2,2,1.48,1268.0
336,342,4,77,0,15.6,5,8,8,8,14,2,1.9,1049.0
337,343,1,190,1,15.6,2,2,8,2,2,2,1.84,1144.0
338,344,3,191,1,15.6,4,23,4,6,21,4,2,274.99
339,345,4,77,1,15.6,2,8,8,2,14,2,2,1142.75
340,346,4,192,1,15.6,4,30,4,4,20,4,2.2,274.9
341,347,5,193,1,15.6,2,60,12,14,18,2,2.2,899.0
342,348,1,24,1,15.6,5,14,8,6,22,2,2.1,716.0
343,349,5,113,4,13.9,14,7,16,3,8,2,1.4,2099.0
344,350,4,9,0,13.3,2,7,8,2,8,2,1.2,1579.0
345,351,5,11,3,15.6,5,25,16,12,31,2,2.4,1129.0
346,352,1,194,1,14.0,4,30,2,7,15,2,1.44,279.0
347,353,4,17,0,15.6,2,19,16,24,8,2,1.88,1607.96
348,354,3,178,4,11.6,21,23,4,7,21,2,1.5,375.0
349,355,4,16,0,15.6,2,8,8,6,18,2,1.9,663.0
350,356,4,115,1,15.6,16,25,16,3,16,2,2.06,2027.42
351,357,1,190,1,15.6,2,12,8,2,2,2,1.84,1304.0
352,358,7,195,3,17.3,2,25,8,8,23,2,2.7,1409.0
353,359,1,196,5,15.6,2,25,8,2,46,2,2.6,1738.27
354,360,9,197,1,15.6,5,44,16,3,52,2,2.4,1403.0
355,361,4,16,1,15.6,2,7,8,20,18,2,2.02,970.9
356,362,5,173,1,15.6,4,23,4,6,21,1,2.2,321.99
357,363,4,26,3,15.6,2,16,8,6,16,2,2.65,999.0
358,364,4,6,1,15.6,21,2,8,14,2,2,2.36,557.37
359,365,4,198,1,14.0,2,59,8,2,2,2,1.36,1427.0
360,366,1,2,1,15.6,4,9,4,4,9,2,1.86,439.0
361,367,3,199,1,14.0,2,2,8,2,2,2,2,945.0
362,368,5,129,1,17.3,18,2,6,8,34,2,2.8,719.0
363,369,1,2,1,15.6,2,2,8,6,2,2,1.86,639.0
364,370,5,30,1,15.6,4,9,8,2,47,1,2.2,499.0
365,371,1,200,1,15.6,4,57,8,14,57,2,2.04,389.0
366,372,4,23,1,17.3,2,8,8,8,18,2,2.8,1085.0
367,373,5,11,3,15.6,5,16,8,8,16,1,2.4,809.0
368,374,4,83,1,15.6,2,12,8,2,37,2,2.33,899.0
369,375,1,201,0,14.0,5,12,8,2,2,2,1.36,1750.0
370,376,3,103,4,15.6,8,12,12,25,59,2,2.26,1099.0
371,377,2,3,1,15.6,4,5,4,0,5,2,2.1,426.0
372,378,3,31,3,17.3,5,27,16,11,26,2,3.25,2199.0
373,379,5,202,1,17.3,18,55,4,0,5,2,2.6,489.0
374,380,4,13,4,13.3,8,7,8,2,8,2,1.62,869.01
375,381,1,203,1,15.6,2,5,4,2,5,2,1.91,488.99
376,382,5,204,2,11.6,13,61,4,0,21,2,1.59,553.0
377,383,4,192,1,15.6,4,62,4,4,15,2,1.8,309.0
378,384,3,205,1,14.0,4,23,4,7,21,2,1.5,286.0
379,385,2,126,1,15.6,2,25,8,6,16,4,2.4,846.0
380,386,1,206,3,17.3,5,25,8,8,16,2,3.35,1191.0
381,387,5,207,1,15.6,2,9,4,0,9,1,1.85,403.5
382,388,3,208,3,15.6,5,25,8,8,23,2,2.3,1655.0
383,389,5,209,1,14.0,5,2,8,2,14,2,1.5,1099.0
384,390,3,210,0,13.3,8,12,16,3,2,2,1.1,1748.9
385,391,5,211,0,14.0,23,12,8,3,2,2,1.13,2282.0
386,392,5,212,1,13.3,5,14,4,0,2,2,1.5,549.0
387,393,4,213,5,15.6,2,63,8,4,60,2,2.23,1369.0
388,394,4,214,5,15.6,5,64,8,2,46,2,2,2135.0
389,395,5,157,4,14.0,17,12,16,3,2,2,1.42,2509.0
390,396,3,215,3,17.3,2,25,8,6,16,2,3,1039.0
391,397,3,216,3,17.3,2,25,16,11,31,2,3,1591.0
392,399,2,59,1,15.6,13,8,12,6,32,2,2.2,693.99
393,400,7,217,3,17.3,2,25,8,2,31,2,2.7,1349.0
394,401,4,83,1,15.6,2,12,8,2,37,4,2.33,778.87
395,402,1,218,0,15.6,2,5,4,2,29,2,1.91,499.0
396,403,5,219,1,15.6,5,7,8,2,38,2,2.1,1229.56
397,404,5,220,1,14.0,5,2,8,2,2,2,1.9,938.0
398,405,4,221,5,15.6,16,25,8,2,46,2,1.78,2712.0
399,406,5,211,0,14.0,23,12,16,18,2,2,1.13,2625.0
400,407,5,173,1,15.6,4,23,4,6,21,2,2.2,306.0
401,408,3,222,3,17.3,2,25,16,11,16,2,2.9,1529.0
402,409,5,219,1,15.6,5,8,8,11,38,2,2.1,1144.5
403,410,2,126,1,15.6,2,25,8,2,16,4,2.5,879.0
404,411,7,223,3,17.3,2,25,16,11,30,2,2.8,2249.0
405,412,3,224,0,14.0,2,12,8,3,2,2,1.10,1873.0
406,413,9,225,0,13.3,2,44,16,3,9,2,1.2,1747.0
407,414,4,198,0,14.0,2,54,8,3,20,2,1.36,1680.0
408,415,5,30,1,15.6,2,9,4,4,9,2,2.2,409.0
409,416,5,226,1,11.6,4,23,2,7,21,2,1.15,304.45
410,417,5,227,5,15.6,2,25,8,3,46,2,2.67,1925.0
411,418,5,228,0,14.0,24,25,8,3,59,2,1.7,1943.0
412,419,1,229,1,15.6,2,9,4,6,29,2,2.1,469.0
413,420,2,139,4,13.3,7,44,8,2,9,2,1.6,789.01
414,421,3,103,4,13.3,7,2,8,2,2,2,1.27,928.0
415,422,4,6,1,15.6,2,2,4,2,11,4,2.3,598.9
416,423,4,230,1,13.3,4,9,4,0,9,2,1.65,689.0
417,424,1,231,0,14.0,2,44,8,2,9,2,1.43,1500.0
418,425,4,6,1,15.6,4,2,8,6,2,2,2.14,539.95
419,426,5,89,0,14.0,5,7,8,2,38,2,1.75,1215.38
420,427,5,154,4,15.6,14,25,16,3,16,2,2,1899.0
421,428,6,232,1,12.3,25,61,6,10,21,2,1.4,449.0
422,429,1,233,1,15.6,2,52,8,2,53,2,2.31,1427.0
423,430,3,234,1,15.6,2,14,8,6,14,4,2.3,597.0
424,431,4,132,3,17.3,23,42,16,11,30,2,4.42,2799.0
425,432,4,26,3,15.6,5,25,8,8,31,2,2.62,1159.0
426,433,4,16,1,15.6,2,7,8,12,18,2,2.02,1142.4
427,434,4,235,0,14.0,2,54,8,2,2,4,1.6,1099.0
428,435,1,236,3,17.3,2,25,12,11,30,2,3.35,1999.0
429,436,14,237,4,11.6,7,23,4,13,21,2,1.16,299.0
430,437,15,238,2,11.6,4,30,4,23,15,7,1.15,269.0
431,438,5,239,1,13.3,5,12,8,2,2,2,1.4,1010.0
432,439,5,240,1,14.0,5,24,4,0,2,2,1.7,599.0
433,440,5,161,5,15.6,19,54,16,3,14,2,2.3,2445.0
434,441,5,241,1,15.6,2,52,16,3,61,2,2.5,2449.0
435,442,3,31,3,17.3,2,65,8,11,26,2,3.2,1695.0
436,443,1,242,1,15.6,4,30,4,4,15,2,2.1,347.0
437,444,16,243,0,12.3,26,66,16,3,12,7,1.1,2199.0
438,445,5,244,0,14.0,27,12,24,3,2,2,1.32,2382.0
439,446,3,37,1,15.6,2,2,4,2,2,4,2,559.0
440,447,5,55,1,17.3,18,22,8,6,62,2,2.8,519.0
441,448,4,16,1,15.6,2,8,4,2,18,2,2.2,749.0
442,449,5,245,0,12.5,5,2,8,2,2,2,1.36,1429.0
443,450,5,173,1,15.6,2,28,4,0,42,2,2.2,349.0
444,451,1,246,3,15.6,5,25,8,8,16,2,2.2,1099.0
445,452,4,235,1,14.0,2,67,8,2,19,2,1.64,1179.0
446,453,2,247,1,15.6,4,2,4,4,2,4,2.4,441.8
447,454,4,248,5,15.6,2,43,8,26,63,2,2.23,1993.0
448,455,7,249,3,15.6,2,16,8,2,16,2,2.2,1027.74
449,456,8,47,0,13.5,11,68,16,3,0,6,1.25,2589.0
450,457,1,250,1,15.6,4,2,8,0,2,2,1.91,589.0
451,458,4,248,5,15.6,5,64,16,2,63,2,2.17,1975.0
452,459,1,233,5,15.6,5,52,8,3,2,2,2.31,1534.0
453,460,5,251,1,14.0,2,2,8,2,2,2,1.65,1345.0
454,461,4,16,1,15.6,2,7,8,8,18,2,2.36,979.0
455,462,4,252,4,11.6,21,57,4,4,57,2,1.47,479.0
456,463,4,132,1,17.3,5,69,8,6,23,2,4.42,2046.0
457,464,8,47,0,13.5,11,70,4,0,12,6,1.252,989.0
458,465,8,47,0,13.5,11,68,8,2,0,6,1.25,1799.0
459,466,1,253,1,17.3,18,9,8,2,9,2,2.5,639.9
460,467,2,123,1,15.6,2,9,4,6,14,2,2.23,544.0
461,468,2,181,2,11.6,4,30,4,0,15,2,1.4,435.0
462,469,3,254,1,15.6,2,2,8,6,2,2,2.37,749.0
463,470,5,255,1,14.0,5,12,8,3,64,1,1.5,799.0
464,471,5,241,1,15.6,2,52,8,2,61,2,2.67,2090.0
465,472,3,256,1,15.6,4,28,4,4,21,2,2,304.0
466,473,2,59,1,15.6,4,9,4,4,34,2,2.2,469.0
467,474,4,16,1,15.6,2,8,8,14,18,2,2.02,759.0
468,475,1,257,3,17.3,5,25,12,6,23,2,3.78,1699.0
469,476,5,258,0,14.0,28,49,12,2,9,2,1.4,1858.0
470,477,1,76,4,13.3,14,7,8,3,8,2,1.29,1999.0
471,478,1,135,1,15.6,2,2,8,4,49,2,1.9,1154.0
472,479,16,243,0,12.3,26,71,8,0,12,7,1.1,1275.0
473,480,4,259,0,13.3,8,8,8,2,8,2,1.42,1841.85
474,481,3,43,1,15.6,19,72,12,8,65,2,2.06,1299.0
475,482,4,260,1,14.0,4,73,8,0,9,2,1.79,740.0
476,483,4,221,5,15.6,2,25,8,2,46,2,1.78,2408.0
477,484,5,72,1,14.0,2,2,8,27,2,2,1.7,1364.0
478,485,4,35,1,15.6,2,8,8,6,29,2,2.2,675.0
479,486,9,261,1,13.3,5,2,8,2,2,2,1.05,1672.0
480,487,4,77,1,15.6,5,7,8,3,14,2,2.16,1262.0
481,488,4,155,1,15.6,4,14,4,6,2,2,2.18,586.6
482,489,1,34,1,13.3,5,8,4,0,8,2,1.49,726.0
483,490,6,262,1,15.6,2,15,4,10,20,2,1.89,248.9
484,491,5,263,1,15.6,4,50,4,0,9,2,2.3,565.0
485,492,5,89,1,14.0,5,8,8,2,8,2,1.75,1049.0
486,493,4,248,5,15.6,5,64,16,3,63,2,2.17,2338.0
487,494,4,115,1,15.6,2,25,16,3,16,2,2.06,1899.0
488,495,5,264,0,12.5,5,12,16,3,2,2,1.36,1798.0
489,496,3,265,0,12.5,2,12,16,3,2,2,0.91,1950.0
490,497,5,266,1,15.6,5,2,8,2,14,2,2.3,1011.99
491,498,9,267,0,13.3,8,12,32,3,2,2,1.05,2799.0
492,499,3,143,3,15.6,2,25,8,8,16,2,1.99,1350.0
493,500,2,59,1,15.6,4,74,8,6,58,2,2.2,579.0
494,501,3,268,3,17.3,7,72,24,11,66,2,4.33,1269.0
495,502,5,269,0,12.5,13,35,8,27,9,2,1.3,1099.0
496,503,5,270,1,15.6,2,7,8,2,8,2,2.17,898.9
497,504,1,100,1,14.0,2,54,8,18,2,2,1.48,1749.0
498,505,5,179,1,13.3,5,14,8,2,2,2,1.4,949.0
499,506,5,271,1,15.6,5,2,8,2,2,2,2.3,911.0
500,507,3,272,2,11.6,4,23,4,10,21,6,1.2,340.0
501,508,1,273,1,15.6,4,2,8,2,29,2,1.91,618.99
502,509,5,113,4,13.9,7,8,8,2,8,2,1.4,1599.0
503,510,5,274,1,14.0,4,23,4,4,21,2,2.1,299.0
504,511,5,275,2,11.6,4,30,4,22,15,7,1.25,265.0
505,512,5,179,1,13.3,2,2,8,2,2,2,1.44,949.0
506,513,3,276,1,15.6,2,12,8,11,2,2,2,1224.0
507,514,2,277,1,15.6,5,8,4,6,7,2,2.2,613.0
508,515,1,278,0,13.3,5,12,8,3,2,2,1.34,1323.0
509,516,5,11,3,15.6,5,25,8,11,23,1,2.4,1149.0
510,517,4,9,0,13.3,7,2,8,0,2,2,1.29,899.0
511,518,2,28,1,15.6,2,12,4,4,14,2,2.2,639.0
512,519,4,279,1,15.6,2,2,8,6,2,2,2.18,836.0
513,520,4,16,1,15.6,2,7,16,12,18,2,2.2,1219.24
514,521,11,114,1,15.6,5,7,16,2,7,1,1.95,1399.95
515,522,3,280,2,11.6,4,23,2,7,21,2,1.1,245.0
516,523,1,281,1,15.6,21,8,4,6,8,2,2.04,521.47
517,524,3,282,3,15.6,2,25,24,3,67,2,2.24,2968.0
518,525,1,283,1,15.6,2,2,8,2,19,2,2.04,889.0
519,526,3,284,3,17.3,2,25,16,11,68,2,3,1504.0
520,527,5,124,3,15.6,5,25,8,11,23,2,3.2,1399.0
521,528,1,285,0,13.3,5,12,8,2,2,2,1.32,1399.0
522,529,4,235,1,14.0,2,59,8,2,2,2,1.64,1279.73
523,530,1,54,1,15.6,4,9,4,0,9,2,1.63,689.0
524,531,4,23,1,17.3,5,8,8,8,18,4,2.8,889.0
525,532,5,220,1,14.0,2,35,8,2,9,8,2.02,1340.0
526,533,5,8,1,15.6,2,12,4,6,27,2,2.2,799.0
527,534,5,30,1,15.6,4,9,8,14,47,1,2.2,459.0
528,535,4,6,1,15.6,2,2,4,4,11,2,2.3,585.0
529,536,4,286,1,15.6,2,67,8,2,2,2,1.9,1377.0
530,537,4,132,3,17.3,5,25,16,8,30,2,4.42,3012.77
531,538,9,90,1,15.6,5,2,8,4,2,2,2.0,860.0
532,539,3,287,1,15.6,19,12,8,11,69,2,2,1299.0
533,540,14,288,1,13.3,5,61,4,13,21,2,1.2,369.0
534,541,3,208,3,15.6,5,16,8,8,23,2,2.3,1649.0
535,542,4,286,1,15.6,2,54,8,2,19,2,1.93,1369.0
536,543,4,16,1,15.6,2,8,8,2,18,2,2.2,797.41
537,544,1,2,1,15.6,2,57,4,2,57,2,1.86,398.99
538,545,1,289,3,17.3,2,25,12,6,23,2,2.62,1799.0
539,546,5,290,1,14.0,5,12,8,2,14,2,1.87,859.0
540,547,4,9,0,13.3,12,7,8,2,8,2,1.2,1399.0
541,548,4,138,1,14.0,2,9,4,0,9,2,1.6,735.87
542,549,1,291,0,13.3,29,12,8,2,2,2,1.34,1145.0
543,550,2,126,3,15.6,2,16,8,6,16,4,2.4,798.0
544,551,3,292,1,15.6,4,75,4,4,70,2,2,349.0
545,552,1,24,1,15.6,2,14,4,0,2,2,2.1,705.5
546,553,5,293,1,14.0,2,2,4,4,2,2,1.87,785.0
547,554,5,294,1,15.6,2,35,4,6,9,1,2.15,462.35
548,555,1,2,1,15.6,2,9,4,4,9,2,1.86,397.0
549,556,5,295,1,15.6,5,12,8,3,2,2,1.99,1729.0
550,557,5,30,1,15.6,2,9,4,0,9,2,2.2,499.0
551,558,4,286,1,15.6,2,2,8,2,2,2,1.9,1116.99
552,559,4,132,3,17.3,5,25,16,11,30,2,4.42,2699.0
553,560,1,296,1,17.3,18,9,8,6,9,2,2.65,544.15
554,561,1,18,1,17.3,2,12,8,6,19,2,2.63,1280.0
555,562,3,297,1,15.6,4,23,4,4,21,4,2,224.0
556,563,14,298,1,13.3,5,15,4,7,20,2,1.35,255.0
557,564,5,129,1,17.3,18,12,6,8,14,2,2.8,949.0
558,565,1,299,1,15.6,5,46,6,0,18,2,1.91,568.9
559,566,4,155,1,15.6,4,9,4,6,41,2,2.18,617.9
560,567,2,300,4,11.6,7,76,4,7,21,2,1.25,349.0
561,568,5,301,1,15.6,2,24,4,0,2,2,2.05,630.0
562,569,1,302,0,13.3,30,36,16,3,40,2,1.16,1965.0
563,570,5,303,1,17.3,5,25,8,2,71,2,3.4,2999.0
564,571,3,304,1,15.6,2,16,8,8,16,2,2.5,839.0
565,572,4,9,0,13.3,14,8,8,0,8,2,1.21,1599.0
566,573,4,286,1,15.6,4,59,4,4,2,2,1.93,959.0
567,574,17,305,1,15.6,4,2,8,6,2,2,2.2,739.0
568,575,5,173,1,15.6,2,28,4,4,42,2,2.2,344.0
569,576,5,220,1,14.0,4,2,4,4,2,2,2.02,990.0
570,577,1,306,5,17.3,18,67,8,4,46,2,3.14,1860.99
571,578,1,307,1,14.0,4,57,8,14,57,2,1.94,389.0
572,579,1,308,1,15.6,5,77,6,2,18,2,1.95,649.0
573,580,5,266,1,15.6,2,2,8,2,2,2,2.3,830.0
574,581,5,309,1,15.6,2,8,4,4,2,2,2.05,685.0
575,582,14,310,1,14.0,2,15,4,13,20,2,1.4,249.0
576,583,9,311,0,14.0,8,12,16,3,2,2,1.24,1865.0
577,584,5,312,3,17.3,5,78,32,11,30,2,4.6,2663.0
578,585,7,313,3,17.3,2,42,16,17,30,2,4.14,2729.0
579,586,4,6,1,15.6,2,12,8,2,11,4,2.2,749.01
580,587,14,288,1,14.0,5,61,4,13,21,2,1.45,389.0
581,588,4,286,1,15.6,4,59,8,4,2,2,1.9,1008.52
582,589,1,34,1,13.3,2,14,4,0,2,2,1.49,719.0
583,590,4,286,1,15.6,2,54,16,2,19,2,1.93,1537.39
584,591,4,314,2,11.6,4,30,4,23,15,7,1.26,295.0
585,592,7,315,3,17.3,2,78,16,8,50,2,4.5,2349.0
586,593,1,316,3,17.3,5,25,16,11,16,2,3.78,1498.0
587,594,5,258,0,14.0,5,49,12,2,9,2,1.4,1673.0
588,595,5,317,1,15.6,21,7,12,6,2,2,2.2,609.0
589,596,3,208,3,17.3,5,16,8,8,23,2,2.73,1770.0
590,597,3,318,4,15.6,21,2,8,6,9,2,2.2,739.0
591,598,5,193,1,15.6,2,60,12,3,18,2,2.2,949.0
592,599,4,319,4,11.6,21,79,4,0,12,2,1.39,603.0
593,600,15,320,1,15.6,2,25,16,8,16,2,2.5,1699.0
594,601,5,321,1,17.3,2,9,4,4,9,1,2.8,529.0
595,602,5,322,1,15.6,4,73,8,6,9,2,2.29,459.0
596,603,5,74,4,13.3,7,12,8,3,2,2,1.37,2025.0
597,604,5,228,1,14.0,5,16,8,2,53,2,1.7,1474.0
598,605,4,323,4,12.5,8,2,8,2,2,2,1.34,1670.0
599,606,4,248,5,15.6,8,25,8,2,63,2,2.06,1763.0
600,607,1,324,1,15.6,2,12,8,2,2,2,1.84,1219.0
601,608,1,24,1,15.6,4,14,4,4,2,2,2.1,668.48
602,609,2,325,1,14.0,2,61,4,7,21,2,1.6,329.0
603,610,7,326,3,17.3,2,78,16,8,72,2,4.14,2199.0
604,611,4,155,1,15.6,4,9,4,6,41,4,2.18,465.0
605,612,7,327,3,15.6,20,25,16,12,23,2,1.8,2299.0
606,613,9,328,1,15.6,5,44,8,2,9,2,2.2,1399.0
607,614,5,329,1,15.6,2,2,6,6,2,2,2.4,564.0
608,615,5,154,4,15.6,7,25,8,2,53,2,2,1299.0
609,616,2,330,1,14.0,4,57,4,1,57,2,1.6,349.0
610,617,5,241,1,15.6,19,80,32,18,61,2,2.5,4899.0
611,618,4,331,3,15.6,2,72,16,6,73,2,2.59,879.01
612,619,4,155,1,15.6,4,50,4,6,9,4,2.18,443.9
613,620,4,6,1,15.6,4,50,4,6,9,4,2.25,359.0
614,621,4,286,1,15.6,4,59,4,4,2,4,1.93,869.0
615,622,3,332,3,17.3,2,25,8,8,16,2,3,1168.0
616,623,4,155,1,15.6,2,2,4,0,41,4,2.18,569.0
617,624,1,324,0,15.6,2,12,8,3,2,2,1.84,1389.0
618,625,7,333,3,15.6,2,25,16,11,30,2,2.94,2267.86
619,626,2,334,4,11.6,31,81,4,7,15,7,1.25,379.0
620,627,1,233,1,14.0,4,59,8,2,2,2,2.31,1124.0
621,628,5,251,1,14.0,2,35,8,2,9,8,1.65,1465.0
622,629,4,16,1,15.6,2,8,4,6,18,2,2.2,776.0
623,630,17,335,1,15.6,4,2,8,2,2,2,2.2,799.0
624,631,1,324,1,15.6,4,35,4,4,9,8,1.88,932.0
625,632,5,8,1,15.6,2,12,8,6,27,2,2.2,899.0
626,633,14,336,1,14.0,2,15,2,7,20,2,1.4,239.0
627,634,5,52,1,15.6,2,2,4,0,2,1,2.2,468.0
628,635,3,337,4,13.3,8,2,6,6,2,2,1.5,639.01
629,636,4,115,1,15.6,2,25,8,2,16,2,2,1820.0
630,637,3,338,0,14.0,2,12,16,3,2,2,1.1,1900.0
631,639,4,97,3,15.6,2,25,16,11,31,2,2.62,1479.0
632,640,5,339,1,15.6,2,8,4,2,8,2,1.8,829.0
633,641,5,340,1,15.6,2,9,4,6,47,2,2.2,579.0
634,642,3,341,1,15.6,4,23,8,6,21,2,2,399.0
635,643,3,143,1,15.6,2,16,8,6,16,2,1.99,906.62
636,644,4,9,0,13.3,12,8,8,2,8,2,1.23,1869.0
637,645,5,342,1,14.0,4,30,2,7,15,2,1.42,249.0
638,646,5,117,4,13.3,7,12,8,2,2,2,1.37,1757.42
639,647,4,115,1,15.6,16,25,16,18,16,2,2.06,2399.0
640,648,5,11,3,15.6,5,25,8,8,39,2,2.5,1109.0
641,649,1,343,1,17.0,18,5,8,6,5,2,2.6,520.9
642,650,5,157,0,14.0,5,12,16,3,2,2,1.14,2450.0
643,651,3,344,3,15.6,5,25,8,6,31,1,2.5,1169.0
644,652,2,345,1,15.6,4,9,4,4,9,2,2.4,450.0
645,653,5,342,1,14.0,4,30,4,7,20,2,1.43,274.0
646,654,2,5,0,14.0,5,2,8,2,74,2,1.8,919.0
647,655,13,120,3,14.0,2,25,16,2,23,2,1.95,2599.0
648,656,9,346,1,13.3,2,35,8,2,9,2,1.2,1213.0
649,657,5,264,0,12.5,5,12,8,2,2,2,1.36,1584.0
650,658,3,347,3,17.3,5,78,32,3,45,2,3.8,2799.0
651,659,2,348,3,15.6,2,16,8,6,16,4,2.4,709.0
652,660,4,9,0,13.3,2,8,8,2,8,2,1.2,1449.9
653,661,7,349,3,15.6,2,25,8,8,31,2,2.2,1191.8
654,662,1,2,1,15.6,4,9,4,4,9,1,1.86,364.9
655,663,9,350,1,15.6,5,2,8,4,2,2,2.0,1064.0
656,664,4,16,1,15.6,2,7,8,2,18,2,2.2,919.0
657,665,4,16,1,15.6,2,7,16,12,18,2,2.2,1135.0
658,666,5,351,3,15.6,5,72,8,8,75,2,3.31,1196.0
659,667,4,132,3,17.3,19,25,32,17,30,2,4.42,3147.37
660,668,4,352,1,14.0,2,82,8,2,9,2,1.56,1229.0
661,669,5,353,1,15.6,4,23,4,4,21,2,2.2,419.0
662,670,5,30,1,15.6,2,35,4,4,9,2,2.2,535.0
663,671,1,354,1,15.6,32,9,6,6,11,2,2.04,539.0
664,672,7,355,3,17.3,2,25,8,8,23,2,2.7,1486.77
665,673,9,90,1,15.6,4,83,4,0,9,2,2.1,498.0
666,674,4,356,1,15.6,2,2,8,6,2,2,2.06,955.0
667,675,1,357,1,15.6,2,12,8,6,18,2,2.1,745.0
668,676,9,358,1,15.6,5,2,8,2,2,2,2.0,1258.0
669,677,2,3,1,15.6,4,9,4,0,9,4,2.1,412.0
670,678,8,47,0,13.5,11,54,8,2,0,6,1.252,1867.85
671,679,5,359,1,15.6,2,2,8,8,11,2,1.90,817.95
672,680,5,360,4,13.3,7,2,8,2,2,2,1.3,1034.0
673,681,5,55,1,15.6,4,84,4,0,70,2,2.2,349.0
674,682,1,361,4,14.0,7,14,4,0,14,2,1.63,699.0
675,683,7,362,3,15.6,2,25,16,11,16,2,2.4,1294.0
676,684,3,224,0,14.0,2,2,8,2,2,2,1.1,1135.0
677,685,1,363,4,11.6,21,23,8,10,21,7,1.4,495.0
678,686,18,364,0,15.6,5,7,8,3,2,2,1.09,2299.0
679,687,2,365,3,15.6,2,16,16,2,31,2,2.5,1299.0
680,688,7,366,3,15.6,2,16,8,2,16,2,2.2,997.9
681,689,3,367,1,15.6,4,23,4,0,21,2,1.86,419.0
682,690,4,368,3,15.6,2,16,16,8,23,2,3.21,2051.0
683,691,1,369,1,17.3,5,9,4,2,76,2,2.5,699.0
684,692,5,370,4,13.3,7,7,8,3,8,2,1.19,1499.0
685,693,4,368,3,15.6,2,42,16,11,30,2,3.49,2813.75
686,694,1,2,1,15.6,4,2,4,4,29,2,1.86,612.61
687,695,4,6,1,15.6,4,9,4,6,11,2,2.2,545.67
688,696,1,371,1,17.3,5,53,6,14,77,2,2.65,569.0
689,697,5,372,1,15.6,4,56,4,4,56,2,2.1,318.0
690,698,2,373,1,14.0,4,56,4,7,56,7,1.45,375.0
691,699,5,374,1,14.0,2,2,4,2,2,2,1.7,699.0
692,700,1,306,5,17.3,2,25,8,4,46,2,3.14,1907.99
693,701,5,157,4,14.0,17,12,8,2,2,2,1.42,2590.0
694,702,9,90,1,13.3,5,2,8,2,2,2,1.5,973.0
695,703,2,375,2,11.6,4,85,4,7,20,2,1.4,269.0
696,704,5,145,4,14.0,8,12,16,3,2,2,1.38,1749.0
697,705,3,376,4,12.5,8,86,4,10,40,7,1.2,669.0
698,706,9,377,0,13.3,8,44,16,3,9,2,1.36,1877.0
699,707,1,378,1,15.6,5,12,4,4,18,2,2.1,689.0
700,708,4,96,3,15.6,2,16,8,6,16,2,2.56,819.0
701,709,5,55,1,15.6,2,87,4,2,18,2,2.2,399.0
702,710,5,193,1,15.6,4,60,8,6,78,2,2.2,429.0
703,711,5,379,1,15.6,2,2,4,28,2,2,2.1,621.45
704,712,5,380,1,15.6,4,9,4,4,9,1,1.90,450.0
705,713,4,279,1,15.6,2,2,8,2,2,2,2.18,795.0
706,714,2,62,4,13.3,7,8,8,2,8,2,1.6,999.0
707,715,5,381,5,15.6,2,44,16,3,79,8,2.18,1855.0
708,716,5,382,1,14.0,2,88,8,2,9,2,1.8,1191.0
709,717,1,383,1,17.3,5,74,6,14,18,2,2.71,655.01
710,718,5,11,3,15.6,5,25,8,8,31,2,2.5,1249.0
711,719,4,235,1,14.0,2,67,8,2,19,4,1.64,1089.0
712,720,4,279,1,15.6,2,2,8,6,2,4,1.98,726.0
713,721,3,205,1,14.0,2,23,4,7,21,2,1.5,298.0
714,722,4,286,1,15.6,2,59,16,3,2,2,1.93,1426.66
715,723,5,290,1,14.0,5,2,8,2,27,2,1.87,857.07
716,724,4,286,1,15.6,2,59,8,2,2,2,1.9,1179.0
717,725,5,384,1,15.6,4,89,4,4,62,2,2.19,298.0
718,726,14,385,1,14.0,33,90,4,29,15,2,1.4,265.0
719,727,1,18,1,17.3,2,12,8,2,19,2,2.63,1200.0
720,728,5,157,0,14.0,28,44,8,3,9,2,1.17,1686.64
721,729,1,361,4,13.3,31,2,8,2,2,2,1.58,836.6
722,730,5,244,0,14.0,5,2,8,2,2,2,1.32,1499.0
723,731,4,132,3,17.3,20,25,32,30,30,2,4.36,3659.4
724,732,7,186,3,17.3,2,25,8,8,31,2,2.7,1348.48
725,733,5,386,1,15.6,4,2,4,6,2,1,1.9,489.9
726,734,4,16,1,15.6,2,8,8,8,18,2,2.2,719.0
727,735,4,387,4,13.3,8,14,4,6,2,2,1.71,649.0
728,736,4,83,1,15.6,4,2,8,6,37,4,2.32,589.52
729,737,1,388,1,15.6,2,5,4,6,29,2,2.1,489.0
730,738,2,389,3,17.3,5,72,16,8,23,2,4.2,1935.0
731,739,4,6,1,15.6,4,2,12,6,2,2,2.25,649.0
732,740,1,390,1,15.6,2,77,6,8,29,2,2.1,650.0
733,741,2,391,1,15.6,4,2,4,4,2,2,2.4,559.0
734,742,5,179,1,13.3,5,2,8,2,2,2,1.44,960.0
735,743,5,392,1,15.6,2,12,4,6,2,2,1.85,779.0
736,744,1,393,5,15.6,2,25,16,2,80,2,2.6,2419.0
737,745,4,13,4,13.3,8,8,8,6,8,2,1.55,659.0
738,746,7,327,3,15.6,2,25,16,11,23,2,1.8,2094.48
739,747,2,247,1,15.6,4,9,4,4,9,2,2.4,410.8
740,748,4,394,1,15.6,2,12,8,8,14,2,2.0,1207.0
741,749,4,155,1,15.6,4,9,8,2,9,2,2,665.0
742,750,9,395,1,14.0,7,2,8,2,2,2,1.25,1535.0
743,751,5,396,4,14.0,8,2,8,2,2,2,1.7,999.0
744,752,5,397,5,15.6,19,54,16,18,79,2,2.5,3299.0
745,753,2,373,1,14.0,4,30,2,7,15,7,1.68,330.0
746,754,15,398,0,13.3,2,12,16,2,2,2,0.81,1649.0
747,755,1,2,1,15.6,2,9,8,2,9,2,1.86,539.0
748,757,4,235,1,14.0,4,2,8,2,2,2,1.6,1126.71
749,758,1,399,5,17.3,5,91,16,2,81,8,3,4389.0
750,759,5,400,2,11.6,21,30,4,0,15,2,1.4,475.0
751,760,1,324,1,15.6,2,82,8,2,9,2,1.84,1900.0
752,761,3,401,1,15.6,4,88,4,6,48,1,2.45,579.0
753,762,5,402,0,14.0,2,35,4,27,9,2,1.7,1096.0
754,763,3,403,1,15.6,4,12,4,2,2,2,2.37,849.9
755,764,5,404,4,13.3,30,92,8,2,82,2,1.3,1199.0
756,765,1,405,1,15.6,5,16,8,8,16,2,2.2,1099.0
757,766,1,393,5,15.6,2,72,8,2,83,8,2.59,1561.0
758,767,4,132,3,15.6,19,25,16,11,30,2,4.42,2868.99
759,768,2,3,1,15.6,4,2,4,2,2,2,2.1,599.0
760,769,5,11,3,15.6,5,25,8,8,16,2,2.5,1048.0
761,770,4,406,0,12.5,2,54,16,2,2,2,1.18,1859.0
762,771,16,243,0,12.3,26,71,8,2,12,7,1.1,1559.0
763,772,3,407,0,13.3,29,2,8,2,2,2,1.2,1129.0
764,773,4,230,1,13.3,4,9,4,4,9,2,1.65,849.0
765,774,2,408,1,13.3,4,35,4,0,9,2,1.6,655.0
766,775,3,409,1,17.3,4,28,4,6,27,2,2.8,470.34
767,776,4,331,3,15.6,34,72,16,8,69,2,2.72,1099.0
768,777,15,398,0,13.3,8,12,8,2,2,2,1.31,1599.0
769,778,2,107,1,15.6,4,28,4,6,42,4,2.1,298.0
770,779,4,83,1,15.6,2,12,16,2,37,2,2.3,1181.27
771,780,15,398,4,15.0,8,12,16,2,84,2,1.71,1799.0
772,781,9,410,1,14.0,13,35,4,0,9,2,1.75,1020.0
773,782,4,97,3,15.6,2,25,8,6,16,2,2.62,1099.0
774,783,1,411,0,12.5,4,35,4,2,9,2,1.26,1244.0
775,784,3,412,4,15.6,8,12,12,14,14,2,2.3,839.0
776,785,5,413,1,15.6,20,64,16,3,81,8,2.5,2370.0
777,786,2,5,1,14.0,5,14,4,0,2,2,1.8,636.0
778,787,13,120,3,14.0,2,25,16,3,23,2,1.95,2899.0
779,788,3,414,1,15.6,32,93,8,0,42,2,2,581.9
780,789,4,132,3,17.3,5,25,32,30,85,2,4.42,3588.8
781,790,3,415,3,17.3,5,72,16,11,30,2,4.3,2350.0
782,791,9,416,0,14.0,5,49,16,3,52,2,1.47,1764.0
783,792,5,417,1,15.6,4,94,8,6,57,1,2.2,329.0
784,793,5,244,0,14.0,2,12,16,3,2,2,1.7,2299.0
785,794,7,418,3,14.0,5,25,16,11,23,2,1.6,1891.0
786,795,7,419,3,15.6,2,16,8,8,16,2,2.2,1089.0
787,796,5,11,3,15.6,5,25,4,6,16,2,2.4,999.0
788,797,2,420,3,17.3,5,25,16,11,23,2,4.2,2299.0
789,798,4,97,3,15.6,2,16,8,2,16,2,2.62,985.0
790,799,3,421,3,15.6,2,25,8,8,86,2,2.24,1339.0
791,800,12,422,1,14.0,32,23,4,7,21,2,1.22,202.9
792,801,5,74,4,13.3,7,12,8,3,2,2,1.37,1970.0
793,802,5,423,4,15.6,8,2,8,2,64,2,2.08,959.0
794,803,0,7,0,12.0,6,95,8,31,87,3,0.920,1165.0
795,804,5,157,4,14.0,35,2,8,2,2,2,1.42,2330.0
796,805,3,424,1,14.0,4,23,4,7,21,2,1.63,299.0
797,806,4,356,1,15.6,4,2,8,0,2,2,1.95,810.0
798,807,5,145,4,13.9,7,12,8,2,2,2,1.38,1349.0
799,808,4,279,1,15.6,2,9,8,2,88,2,2,739.0
800,809,1,306,5,15.6,2,25,8,2,80,2,3.14,2064.9
801,810,3,425,1,15.6,2,2,8,2,2,2,2.37,1099.0
802,811,4,9,0,13.3,2,2,8,2,2,2,1.29,1499.0
803,812,4,115,1,15.6,16,16,8,2,16,2,2.06,1749.0
804,813,4,426,2,11.6,4,28,4,0,42,2,1.63,744.0
805,814,1,411,2,12.5,4,59,8,2,2,2,1.26,1389.0
806,815,9,90,1,15.6,4,35,4,4,9,2,2.1,780.0
807,816,1,427,1,15.6,4,96,8,14,89,2,2.04,629.0
808,817,4,97,3,15.6,20,25,16,3,31,2,2.62,1679.0
809,818,5,329,1,15.6,2,2,4,6,36,2,2.4,609.0
810,819,1,428,3,17.3,5,25,12,6,26,2,3.74,1749.0
811,820,7,94,3,17.3,2,25,16,17,30,2,2.9,2415.0
812,821,15,398,0,13.3,2,2,8,2,2,2,0.81,1499.0
813,822,4,279,1,15.6,2,12,8,6,59,2,1.98,961.0
814,823,4,155,1,15.6,2,2,8,2,41,2,2.18,789.81
815,824,5,429,0,14.0,2,12,8,2,2,2,1.32,1859.0
816,825,13,430,0,12.5,14,97,16,3,2,2,1.29,1799.0
817,826,1,314,2,11.6,4,30,4,23,15,7,1.23,385.0
818,827,4,132,3,17.3,5,25,16,8,23,2,4.36,2505.02
819,828,4,431,1,14.0,4,35,4,4,9,2,1.76,755.0
820,829,5,432,1,15.6,4,9,4,4,9,2,2.1,489.9
821,830,9,433,0,14.0,4,2,4,0,2,2,1.25,1090.0
822,831,5,211,0,14.0,5,12,8,3,2,2,1.13,2499.0
823,832,7,434,3,15.6,2,16,8,2,16,2,2.4,1199.0
824,833,5,157,0,14.0,5,2,8,5,2,2,1.13,1875.0
825,834,9,90,1,14.0,4,98,4,0,56,2,1.75,499.0
826,835,3,103,4,13.3,36,2,8,2,2,2,1.1,1358.0
827,836,4,431,1,14.0,4,9,4,4,9,2,1.76,585.0
828,837,2,314,2,11.6,13,30,4,7,15,7,1.35,355.0
829,838,2,5,1,14.0,5,14,8,0,2,2,1.5,619.0
830,839,13,120,3,17.3,16,42,32,3,45,2,3.49,5499.0
831,840,5,211,0,14.0,28,49,16,3,9,2,1.1,2099.0
832,841,3,37,1,15.6,2,2,4,6,90,4,2.1,519.0
833,842,5,402,1,14.0,2,35,8,2,9,2,1.7,1186.0
834,843,5,244,1,14.0,5,59,8,2,2,2,1.32,1650.0
835,844,4,368,3,15.6,2,25,16,11,30,2,3.21,2774.63
836,845,3,435,3,17.3,2,25,16,11,30,2,2.9,2419.0
837,846,9,90,1,15.6,4,14,4,4,2,2,2.0,669.0
838,847,5,436,1,14.0,4,81,4,23,15,7,1.5,325.0
839,848,3,437,1,15.6,2,2,8,32,2,2,2.3,590.0
840,849,3,438,3,17.3,2,72,16,17,23,2,2.73,1799.0
841,851,4,132,3,17.3,5,25,32,17,30,2,4.42,3072.89
842,852,1,18,1,17.3,18,2,8,6,19,2,2.63,910.0
843,853,4,155,1,15.6,4,2,8,0,2,2,2.18,713.99
844,854,1,100,0,14.0,2,44,8,3,9,8,1.54,1870.0
845,855,4,155,1,15.6,2,12,4,2,41,2,2.18,739.0
846,856,1,363,4,11.6,21,23,4,7,21,7,1.4,615.0
847,857,3,439,0,13.3,5,35,8,3,91,2,1.45,1026.0
848,858,1,174,4,13.3,8,2,8,2,2,2,1.28,2277.0
849,859,1,100,0,14.0,2,44,8,3,9,2,1.54,1468.0
850,860,1,2,1,15.6,4,30,4,0,15,1,1.86,299.0
851,862,3,440,3,15.6,2,25,16,8,23,2,2.1,1899.0
852,863,4,441,1,17.3,2,12,8,6,37,4,2.83,865.0
853,864,5,442,0,14.0,5,25,8,2,59,2,1.96,1903.0
854,865,3,443,1,15.6,5,12,8,2,92,2,2.3,787.0
855,866,4,286,1,15.6,2,2,8,0,2,2,1.9,945.0
856,867,3,444,1,15.6,4,28,4,6,42,2,2,449.0
857,868,1,174,4,13.3,8,54,8,2,2,2,1.28,2559.0
858,869,4,445,1,13.3,8,35,8,6,9,2,1.62,649.0
859,870,5,322,1,15.6,2,50,4,6,9,1,2.2,469.0
860,871,5,263,1,15.6,5,2,8,6,2,2,2.3,850.66
861,872,1,324,1,15.6,2,59,8,2,93,2,1.84,1349.0
862,873,9,446,1,13.3,2,2,4,0,2,2,1.05,1285.0
863,874,5,11,3,15.6,5,16,8,6,16,1,2.5,1017.0
864,875,4,9,0,13.3,12,68,16,3,0,2,1.29,2240.0
865,876,1,283,1,15.6,2,35,4,4,9,2,2.07,910.0
866,877,9,447,0,13.3,4,35,8,2,9,2,1.2,1095.0
867,878,5,74,4,13.3,7,12,8,2,2,2,1.37,1950.0
868,879,2,448,1,14.0,5,2,8,2,2,2,1.56,902.0
869,880,4,248,5,15.6,2,25,8,6,63,2,2.23,1778.0
870,881,5,271,1,15.6,4,2,4,4,2,2,2.38,1055.0
871,882,5,322,1,15.6,2,9,4,6,11,1,2.2,479.0
872,883,9,449,1,15.6,5,12,8,2,2,2,2.0,1388.0
873,884,5,239,1,13.3,5,14,4,27,2,2,1.44,735.0
874,885,15,398,0,15.0,2,12,16,2,14,2,1.23,1849.0
875,886,4,406,0,12.5,2,54,8,2,2,2,1.6,1690.0
876,887,3,450,1,15.6,4,28,4,6,42,4,2,398.99
877,888,11,114,0,13.3,5,35,8,2,14,2,1.28,935.0
878,889,4,279,1,15.6,2,2,4,8,14,2,2.18,912.5
879,890,1,24,1,15.6,2,2,4,2,2,2,2.04,839.0
880,891,1,174,4,13.3,8,2,4,2,2,2,1.28,1700.0
881,892,1,451,4,15.6,21,2,4,4,2,2,2.3,684.8
882,893,3,452,1,14.1,4,23,4,7,21,2,1.65,348.0
883,894,5,453,1,15.6,5,44,8,6,14,2,2.2,669.0
884,895,4,192,1,15.6,4,57,4,4,20,2,2.2,369.0
885,896,1,174,4,13.3,8,2,4,2,2,2,1.28,1799.0
886,897,4,155,1,15.6,4,50,4,6,88,4,2.18,455.7
887,898,3,454,3,17.3,2,16,12,8,16,2,2.2,1369.9
888,899,2,455,2,11.6,13,30,4,7,15,7,1.25,297.0
889,900,5,202,1,17.3,18,99,4,4,94,2,2.8,379.0
890,901,1,456,1,14.0,2,2,4,0,2,2,1.95,1265.0
891,902,1,457,4,13.3,12,12,16,2,2,2,1.42,1399.0
892,903,15,398,0,15.0,2,12,8,2,2,2,1.17,1699.0
893,904,5,244,0,14.0,5,2,8,2,2,2,1.32,1799.0
894,905,7,458,3,17.3,19,72,16,25,23,2,2.43,2649.0
895,906,9,459,1,13.3,2,2,8,2,2,2,1.05,1475.0
896,908,4,97,3,15.6,2,25,8,6,95,4,2.62,929.0
897,909,1,24,1,15.6,2,12,8,6,19,2,2.04,900.0
898,910,4,155,1,15.6,4,50,4,6,88,2,2.18,614.0
899,911,4,286,1,15.6,2,59,8,4,2,2,1.9,935.0
900,912,4,9,4,13.3,12,66,8,3,12,2,1.24,2013.1
901,913,3,460,3,17.3,5,78,32,9,50,2,3.58,1279.0
902,914,4,9,4,13.3,8,66,16,2,12,2,1.22,1649.0
903,915,5,157,0,14.0,5,12,8,5,2,2,1.13,2049.0
904,916,5,295,1,15.6,5,2,8,3,2,2,1.95,1962.99
905,917,18,461,0,15.6,7,12,16,3,2,2,1.08,2099.0
906,918,1,185,2,12.5,2,12,8,3,2,2,1.26,1483.0
907,919,2,462,1,15.6,5,51,4,23,20,7,2.20,359.0
908,920,5,351,1,15.6,5,88,8,8,69,2,2.6,789.0
909,922,18,463,0,14.0,7,12,8,3,2,2,0.98,1899.0
910,923,4,235,1,14.0,2,67,8,2,2,2,1.6,1205.0
911,924,1,464,0,12.5,16,36,8,33,40,2,1.09,3100.0
912,925,5,465,1,15.6,2,12,6,2,14,2,2.2,789.0
913,926,1,24,1,15.6,2,12,8,2,19,2,2.04,1018.99
914,927,2,184,1,15.6,2,14,4,6,2,2,2.4,499.0
915,928,5,179,1,13.3,2,2,4,0,2,2,1.44,881.0
916,930,1,60,1,13.3,2,2,8,2,2,2,1.49,960.0
917,931,7,466,3,17.3,2,25,16,11,31,2,2.7,1599.0
918,932,4,97,3,15.6,2,25,16,8,31,2,2.6,1349.0
919,933,7,434,3,15.6,2,16,8,8,16,2,2.2,1119.91
920,934,4,155,1,15.6,4,2,4,6,41,2,2.18,684.99
921,935,1,324,0,15.6,2,44,8,2,96,2,1.84,1296.99
922,936,1,467,0,13.3,12,12,8,2,2,2,1.39,1149.0
923,937,9,468,1,15.6,5,49,16,2,52,2,2.4,1975.0
924,938,5,74,4,13.3,7,2,8,3,2,2,1.37,1825.0
925,939,4,356,1,15.6,4,35,4,4,9,2,1.95,729.9
926,940,5,264,0,12.5,5,12,8,2,2,2,1.36,1650.0
927,941,1,469,1,15.6,2,35,8,2,9,2,2.31,1165.0
928,942,4,155,1,15.6,4,2,4,6,2,2,2.18,708.06
929,943,1,180,1,14.0,4,35,4,4,9,2,1.95,1149.0
930,944,5,173,1,15.6,4,28,4,6,42,2,2.2,309.0
931,945,1,411,0,12.5,2,35,4,4,9,2,1.26,1579.0
932,946,1,2,1,15.6,4,30,4,6,15,1,1.86,288.9
933,947,5,404,4,13.3,30,100,16,18,25,2,1.3,1799.0
934,948,9,470,1,14.0,5,35,4,0,9,2,1.47,1105.0
935,949,1,411,2,12.5,2,35,8,2,9,2,1.26,1669.0
936,950,4,155,1,15.6,4,50,4,6,9,2,2.18,558.6
937,951,7,471,3,15.6,2,25,8,8,16,2,2.2,1199.0
938,952,4,198,0,14.0,2,2,8,2,2,2,1.36,1639.0
939,953,4,132,3,17.3,27,78,16,17,45,2,4.36,2758.0
940,954,1,472,3,17.3,5,88,8,8,66,2,2.75,1399.0
941,955,3,473,1,17.3,18,57,4,6,27,2,2.8,530.0
942,956,2,474,1,15.6,4,2,4,4,2,2,2.23,619.0
943,957,9,475,1,15.6,4,35,8,2,9,2,2.2,1119.0
944,958,5,476,4,11.3,7,101,8,2,40,2,1.1,1299.0
945,959,5,477,3,15.6,5,102,16,17,97,2,2.5,999.0
946,960,4,406,0,12.5,8,2,8,2,20,2,1.36,1472.2
947,961,5,329,1,15.6,2,12,8,6,27,1,2.2,685.0
948,962,4,478,1,17.3,18,50,4,6,37,2,2.36,659.0
949,963,2,373,1,14.0,4,30,4,7,15,7,1.68,349.0
950,964,1,479,5,15.6,5,64,8,34,83,2,2.0,2249.0
951,965,4,198,0,14.0,2,54,8,2,2,2,1.36,1775.0
952,966,9,480,1,13.3,2,35,8,2,9,8,1.2,1460.0
953,967,3,376,4,12.5,2,103,8,10,40,7,1.2,1159.0
954,968,5,402,0,14.0,5,49,8,2,9,2,1.7,1488.99
955,969,4,132,3,17.3,19,25,16,17,30,2,4.36,3154.0
956,970,4,9,4,13.3,8,41,8,2,12,2,1.24,1899.0
957,971,1,481,4,11.6,21,28,4,2,42,2,1.45,775.0
958,972,4,9,0,13.3,37,44,8,2,9,2,1.3,1268.0
959,973,2,482,4,11.6,31,30,4,7,15,7,1.25,389.0
960,974,9,483,1,13.3,2,82,8,2,9,2,1.2,1535.0
961,975,5,245,0,12.5,5,59,8,2,2,2,1.36,1760.0
962,976,2,484,1,15.6,2,2,12,8,48,2,2.4,1009.0
963,977,9,485,0,12.5,8,12,8,3,2,2,1.1,1790.0
964,978,1,24,1,15.6,4,104,8,6,19,2,2.04,846.5
965,979,4,6,1,15.6,4,50,4,6,11,4,2.25,465.62
966,980,4,286,1,15.6,4,2,4,4,2,2,1.9,825.0
967,981,1,24,1,15.6,2,14,4,4,2,2,2.04,685.0
968,982,4,132,3,17.3,5,25,32,11,30,2,4.42,3149.0
969,983,5,329,1,15.6,2,2,6,2,27,2,2.4,695.0
970,984,4,9,4,13.3,12,66,16,3,12,2,1.22,1899.0
971,985,4,352,0,14.0,17,49,8,2,9,2,1.5,1962.98
972,986,4,132,3,17.3,2,72,32,11,30,2,4.42,2800.0
973,987,9,486,1,14.0,2,35,8,2,9,2,1.95,1180.0
974,988,3,31,3,17.3,2,25,16,11,23,2,2.73,2049.9
975,989,1,283,1,15.6,5,105,8,8,19,2,2.04,979.0
976,990,5,487,1,14.0,4,35,4,35,9,8,1.70,1002.0
977,991,3,488,4,15.6,16,12,16,25,48,2,2.3,1799.0
978,992,1,489,1,15.6,4,12,6,6,2,2,2.04,579.0
979,993,3,490,3,17.3,2,25,16,11,31,2,2.99,1749.0
980,994,4,491,4,15.6,7,12,12,3,2,2,2.19,1299.0
981,995,9,492,1,13.3,2,35,4,0,9,8,1.2,1195.0
982,996,5,193,1,15.6,2,60,6,2,18,2,2.2,549.0
983,997,17,493,1,15.6,4,35,4,2,9,2,2.3,649.0
984,998,9,494,1,14.0,4,35,4,4,9,2,1.75,915.0
985,999,4,6,1,15.6,4,2,4,4,11,2,2.25,599.0
986,1000,1,283,1,15.6,2,2,8,6,2,2,2.04,806.0
987,1001,5,11,3,15.6,5,25,8,8,23,2,2.5,1189.0
988,1002,4,83,1,15.6,4,12,8,6,37,2,2.36,749.0
989,1003,4,235,1,14.0,2,2,8,0,98,2,1.6,1119.0
990,1004,1,92,2,12.5,2,36,8,3,40,2,0.97,1908.0
991,1005,1,495,1,15.6,2,9,4,8,29,2,2.1,499.0
992,1006,5,496,1,15.6,4,23,4,0,21,1,1.9,270.62
993,1007,5,497,1,15.6,2,35,8,2,9,2,2.3,1349.0
994,1008,4,387,4,13.3,8,2,8,2,2,2,1.68,889.0
995,1009,3,498,1,13.3,37,2,8,2,2,2,1.4,1150.0
996,1010,1,499,0,13.3,7,12,8,2,2,2,1.11,1349.0
997,1011,2,500,1,15.6,4,28,4,4,42,2,2.4,380.0
998,1012,3,501,3,15.6,2,25,16,11,31,2,2.5,1799.0
999,1013,1,100,0,14.0,2,12,8,3,2,2,1.48,2089.0
1000,1014,2,502,3,15.6,5,25,8,8,16,2,2.7,1260.0
1001,1015,1,503,1,13.3,5,2,8,2,2,2,1.34,1189.0
1002,1016,4,155,1,15.6,4,14,4,0,2,2,2.18,547.0
1003,1017,1,75,1,14.0,4,2,4,4,2,2,1.64,779.0
1004,1018,9,504,1,13.3,2,35,4,0,9,2,1.2,1195.0
1005,1019,1,100,1,14.0,4,82,4,2,9,2,1.48,1099.99
1006,1020,1,180,1,14.0,2,2,4,2,2,2,1.95,1205.0
1007,1021,1,231,0,14.0,2,49,8,2,9,8,1.43,1449.0
1008,1022,1,54,1,14.0,2,2,8,2,19,2,1.64,1049.26
1009,1023,1,75,1,14.0,4,14,4,4,2,2,1.64,684.0
1010,1024,4,97,3,15.6,2,16,8,16,16,2,2.65,949.0
1011,1025,1,411,0,12.5,2,2,4,4,2,2,1.26,1539.0
1012,1026,1,182,1,14.0,2,2,4,2,2,2,1.48,1590.0
1013,1027,1,100,0,14.0,2,44,8,2,9,2,1.54,1887.21
1014,1028,1,60,1,13.3,4,14,4,4,2,2,1.49,800.0
1015,1029,9,505,1,13.3,4,35,8,2,9,2,1.5,1210.0
1016,1030,1,24,1,15.6,4,14,4,2,2,2,2.04,769.99
1017,1031,5,506,1,17.3,19,64,16,3,99,8,2.4,2968.0
1018,1032,9,507,1,14.0,5,35,8,2,9,2,1.47,1490.0
1019,1033,1,231,1,14.0,2,44,8,2,9,2,1.43,2229.0
1020,1034,4,508,4,15.6,7,73,4,6,9,2,2.08,795.99
1021,1035,9,509,0,13.3,2,35,8,2,9,2,1.2,1590.0
1022,1036,1,510,1,13.3,5,2,8,2,2,2,1.11,1149.0
1023,1037,1,54,1,14.0,2,12,8,2,19,2,1.64,1185.43
1024,1038,4,511,1,15.6,2,82,8,4,9,2,2.09,1046.44
1025,1039,1,185,0,12.5,4,2,4,2,2,2,1.26,1559.0
1026,1040,1,233,1,14.0,4,2,4,4,2,2,2.31,1189.0
1027,1041,1,180,1,14.0,4,2,4,4,2,2,1.95,1060.0
1028,1042,4,9,0,13.3,12,2,8,2,2,2,1.29,1624.0
1029,1043,1,81,1,17.3,2,2,8,2,19,2,2.63,1080.0
1030,1044,1,54,1,14.0,4,2,4,2,2,2,1.64,973.0
1031,1045,2,3,1,15.6,4,5,6,6,5,2,2.1,409.0
1032,1046,7,49,3,17.3,2,25,8,8,16,2,2.7,1191.8
1033,1047,1,456,1,14.0,2,35,8,2,9,8,1.95,1195.0
1034,1048,1,324,1,15.6,2,44,8,2,9,2,1.84,1228.99
1035,1049,1,411,0,12.5,2,44,8,2,9,2,1.26,1349.0
1036,1050,1,24,1,15.6,4,2,4,4,2,2,2.04,742.0
1037,1051,9,512,0,14.0,5,49,8,2,9,2,1.47,1725.0
1038,1052,4,511,1,15.6,2,82,8,2,9,8,2.09,1062.95
1039,1053,1,54,1,14.0,2,2,8,2,2,2,1.64,1010.51
1040,1054,5,513,4,15.6,7,44,4,2,9,2,1.8,847.0
1041,1055,12,514,1,14.0,4,106,2,7,15,2,1.45,210.8
1042,1056,9,515,1,15.6,5,44,16,2,52,2,2.4,1425.0
1043,1057,5,516,1,15.6,2,35,8,2,9,2,2.3,1049.6
1044,1058,1,100,1,14.0,2,35,4,4,9,2,1.54,1000.0
1045,1059,1,324,1,15.6,2,82,8,19,9,2,1.84,2103.34
1046,1060,1,231,1,14.0,2,35,8,2,9,8,1.43,1469.0
1047,1061,7,517,3,17.3,5,78,16,11,50,2,3.78,1545.64
1048,1062,5,518,3,17.3,5,72,16,8,50,2,4.6,2289.99
1049,1063,3,519,2,11.6,4,30,4,23,15,7,1.2,287.9
1050,1064,5,157,1,14.0,23,49,16,2,9,8,1.1,2620.0
1051,1065,1,520,1,15.6,5,12,8,6,14,2,1.91,979.0
1052,1066,4,521,4,15.6,7,107,8,2,2,2,2.3,1094.0
1053,1067,1,24,1,15.6,4,2,4,2,2,2,2.04,979.0
1054,1068,4,9,0,13.3,12,12,16,18,2,2,1.2,2254.0
1055,1069,1,233,1,15.6,4,73,4,4,9,2,2.31,705.15
1056,1070,1,522,1,15.6,4,2,4,4,2,1,1.96,499.0
1057,1071,2,523,1,15.6,4,55,8,6,5,2,2.4,449.0
1058,1072,4,524,4,13.3,7,12,12,2,2,2,1.6,1299.0
1059,1073,7,525,3,15.6,2,72,16,11,23,2,2.94,1819.0
1060,1074,1,24,1,15.6,2,12,8,2,2,2,2.04,1070.0
1061,1075,3,526,3,17.3,5,72,16,6,66,1,4,998.0
1062,1076,4,6,1,15.6,2,2,4,6,20,2,2.25,559.0
1063,1077,4,83,1,15.6,2,12,16,14,37,2,2.32,989.99
1064,1079,7,527,3,15.6,2,72,16,11,23,2,1.8,1929.0
1065,1080,4,9,0,13.3,2,12,8,2,2,2,1.29,1458.0
1066,1081,3,528,3,17.3,5,78,64,18,100,2,3.58,3975.0
1067,1082,4,445,4,13.3,8,44,8,2,9,2,1.62,798.01
1068,1083,4,368,3,15.6,20,72,16,11,72,2,3.21,1329.0
1069,1084,0,7,0,12.0,6,108,8,5,40,3,0.920,1300.0
1070,1085,4,529,1,15.6,4,73,4,4,9,2,2.06,481.98
1071,1086,1,233,1,15.6,4,35,4,4,9,2,2.31,1199.0
1072,1087,1,411,0,12.5,2,35,8,2,9,8,1.26,1199.0
1073,1088,1,34,1,13.3,2,12,8,2,2,2,1.49,1090.0
1074,1089,5,74,0,12.5,7,44,8,2,9,2,1.3,1713.49
1075,1090,5,530,1,17.3,18,35,8,36,101,2,3.0,659.0
1076,1091,5,531,1,15.6,5,88,4,6,48,2,2.3,977.0
1077,1092,7,532,3,17.3,2,25,16,11,30,2,3.78,2499.0
1078,1093,5,533,1,15.6,4,35,4,4,9,2,2.1,540.0
1079,1094,1,469,1,15.6,2,35,4,4,9,8,2.31,940.0
1080,1095,5,534,0,12.5,35,36,8,3,40,2,0.99,1399.0
1081,1096,5,518,3,17.3,5,78,32,37,50,2,4.6,3240.0
1082,1097,5,33,4,10.1,10,29,4,10,15,2,0.69,646.27
1083,1098,1,76,0,13.3,19,12,16,3,2,2,1.3,2049.0
1084,1099,4,155,1,15.6,2,2,8,2,2,2,2.18,750.0
1085,1100,1,100,1,14.0,2,35,4,4,9,8,1.54,1030.99
1086,1101,1,135,5,15.6,2,44,8,2,102,8,1.9,1495.0
1087,1102,5,487,1,14.0,2,35,8,27,9,8,1.7,1199.0
1088,1103,1,535,1,13.3,37,109,4,7,40,7,1.29,615.0
1089,1104,2,523,1,15.6,4,55,4,4,5,2,2.4,387.0
1090,1105,4,192,1,15.6,4,110,4,4,20,4,2.2,393.49
1091,1106,1,2,1,15.6,4,9,4,6,9,1,1.86,345.99
1092,1107,3,536,3,17.3,5,25,8,11,23,2,2.7,1599.0
1093,1108,4,48,0,13.3,5,8,4,2,18,2,1.4,818.35
1094,1109,1,185,2,12.5,4,35,4,0,9,8,2.4,1599.0
1095,1110,2,537,1,15.6,2,2,8,11,48,2,2.4,799.0
1096,1111,4,83,1,15.6,2,2,8,6,37,2,2.36,638.8
1097,1112,7,538,3,17.3,2,72,8,2,66,2,2.6,1599.0
1098,1113,1,522,1,15.6,4,57,4,6,57,2,1.96,500.0
1099,1114,3,539,3,17.3,5,72,16,8,50,2,4.3,2299.0
1100,1115,4,540,0,12.5,4,73,4,4,9,8,1.5,1135.15
1101,1116,4,540,0,12.5,4,73,4,0,9,8,1.5,1166.97
1102,1117,2,541,1,15.6,4,51,4,22,20,7,2.20,209.0
1103,1118,1,306,5,17.3,5,72,8,6,103,8,3.0,2899.0
1104,1119,5,11,3,15.6,2,25,16,3,31,2,2.4,1199.0
1105,1120,4,540,0,12.5,4,35,8,2,9,8,1.5,1413.1
1106,1121,7,542,3,17.3,2,72,8,8,69,2,2.9,1511.19
1107,1122,5,513,4,15.6,7,35,4,2,9,2,2.1,867.0
1108,1123,1,543,1,15.6,2,22,4,6,62,2,2.1,398.0
1109,1124,3,544,3,15.6,5,72,16,8,69,2,2.59,1339.0
1110,1125,1,302,1,13.3,12,111,8,2,40,2,1.16,1699.0
1111,1126,4,545,1,15.6,4,35,4,4,104,8,2.24,769.15
1112,1127,5,546,1,15.6,4,50,4,0,9,2,2.1,429.0
1113,1128,1,547,0,13.3,2,44,8,3,9,2,1.16,1969.0
1114,1129,5,33,4,10.1,10,29,4,10,15,5,0.69,549.0
1115,1130,4,9,0,13.3,2,33,8,2,0,2,1.23,1379.0
1116,1131,5,518,3,17.3,5,78,16,38,50,2,4.6,2749.99
1117,1132,13,430,0,12.5,38,44,8,2,9,2,1.25,1029.0
1118,1133,9,548,0,13.3,2,12,16,3,2,2,1.05,2226.0
1119,1134,3,549,3,17.3,2,72,8,8,69,2,3.52,1312.49
1120,1135,12,550,1,13.3,2,106,4,7,15,2,1.35,196.0
1121,1136,1,547,1,13.3,2,35,8,2,9,2,1.16,1690.0
1122,1137,1,231,1,14.0,2,35,8,2,9,8,1.43,1513.0
1123,1138,4,511,1,15.6,4,35,4,4,9,4,2.09,523.63
1124,1139,3,37,1,15.6,4,14,4,6,2,2,2,435.0
1125,1140,5,74,4,14.0,7,44,8,2,9,2,1.8,1669.0
1126,1141,5,33,4,10.1,10,29,4,10,15,2,0.69,479.0
1127,1142,1,411,0,12.5,4,82,8,2,9,8,1.26,1895.0
1128,1143,5,11,3,15.6,5,16,8,8,23,1,2.4,989.0
1129,1144,1,551,3,17.3,5,88,8,8,23,2,3.35,1129.0
1130,1145,1,552,1,15.6,4,12,8,14,2,2,2.04,629.0
1131,1146,5,553,4,14.0,7,49,8,3,105,8,1.8,2050.38
1132,1147,3,554,1,14.0,4,23,4,7,21,2,1.5,278.0
1133,1148,1,2,0,15.6,2,12,8,2,2,2,1.84,752.0
1134,1149,2,123,1,15.6,2,2,4,6,14,2,2.23,616.0
1135,1150,5,555,1,15.6,2,44,16,16,106,2,2.5,1099.0
1136,1151,1,306,5,17.3,5,72,8,2,107,8,3,3949.4
1137,1153,4,83,1,15.6,4,2,8,6,37,2,2.5,784.0
1138,1154,7,517,3,17.3,2,64,16,11,50,2,3.78,2399.0
1139,1155,1,324,0,15.6,2,44,8,2,9,8,1.88,2171.72
1140,1156,5,157,4,14.0,35,49,16,3,9,2,2.8,2440.0
1141,1157,7,556,3,15.6,2,25,8,8,16,2,2.4,1142.8
1142,1160,1,547,4,13.3,8,82,8,2,9,2,1.48,1629.0
1143,1161,1,393,5,15.6,5,72,8,2,83,8,2.59,2229.0
1144,1162,1,547,4,13.3,17,49,8,2,9,2,1.48,1799.0
1145,1163,1,479,5,15.6,2,72,8,2,83,8,2.0,1899.0
1146,1164,1,411,0,12.5,2,112,8,2,9,8,1.26,2296.95
1147,1165,4,279,1,15.6,2,12,8,2,14,2,2.18,1009.9
1148,1166,1,324,1,15.6,2,35,8,2,9,8,1.88,1579.0
1149,1167,5,157,4,14.0,35,44,8,2,9,2,1.27,2339.0
1150,1168,5,557,1,15.6,4,50,4,6,9,1,1.9,339.0
1151,1169,1,558,1,15.6,4,75,4,4,70,2,1.86,297.0
1152,1170,5,559,1,15.6,2,35,8,6,101,1,2.32,599.0
1153,1171,4,97,3,15.6,2,25,8,6,95,2,2.62,1199.0
1154,1172,4,115,1,15.6,34,88,8,2,108,2,2.04,2250.68
1155,1173,1,560,1,15.6,2,47,4,2,29,2,1.91,478.89
1156,1174,7,561,3,17.3,2,25,16,11,31,2,2.7,1492.8
1157,1175,5,562,0,14.0,2,49,12,3,9,8,1.4,2299.0
1158,1176,5,563,1,15.6,2,35,8,16,101,2,2.5,788.49
1159,1177,1,547,4,13.3,17,49,8,3,9,2,1.48,2041.0
1160,1178,5,487,0,14.0,2,49,8,2,9,8,1.7,1499.0
1161,1179,7,564,3,14.0,2,72,16,11,72,2,1.7,1769.0
1162,1180,1,565,3,15.6,5,25,8,6,16,2,2.62,899.0
1163,1181,5,566,1,15.6,4,50,8,6,9,2,2.2,459.0
1164,1182,1,567,1,15.6,4,35,4,4,9,1,2.1,476.99
1165,1183,4,97,3,15.6,20,25,8,8,31,2,2.62,1498.0
1166,1184,5,295,1,15.6,5,2,8,2,2,2,1.95,1390.0
1167,1185,5,568,1,15.6,2,9,4,6,47,2,2.2,468.0
1168,1186,1,569,1,14.0,4,30,2,7,15,2,1.44,249.0
1169,1187,7,570,3,15.6,5,12,8,6,16,2,2.2,839.0
1170,1188,1,522,1,15.6,2,44,8,2,9,2,1.96,679.0
1171,1189,1,24,1,15.6,2,7,16,3,8,2,2.1,1159.0
1172,1190,3,571,1,15.6,4,85,4,4,20,2,2.2,369.0
1173,1191,5,572,1,15.6,4,35,4,4,9,1,2.1,398.0
1174,1192,5,465,1,15.6,2,12,8,6,14,1,2.2,709.0
1175,1193,3,573,1,14.0,2,14,4,2,2,2,2,769.0
1176,1194,5,574,1,15.6,2,44,4,16,9,8,2.32,825.0
1177,1195,5,351,3,15.6,5,72,16,3,75,2,3.31,1305.0
1178,1196,7,575,3,15.6,2,72,16,8,72,2,1.91,2153.37
1179,1197,1,24,1,15.6,4,73,4,4,9,2,2.07,650.0
1180,1198,5,157,4,14.0,35,35,8,2,9,2,1.36,1637.0
1181,1199,5,329,0,15.6,2,12,6,2,36,2,1.54,831.0
1182,1200,4,279,1,15.6,2,12,8,2,59,4,1.98,895.01
1183,1201,2,3,1,15.6,4,113,4,4,21,2,2.1,333.0
1184,1202,1,576,1,15.6,5,72,6,6,69,2,2.18,799.0
1185,1203,3,577,3,15.6,5,72,8,11,69,2,2.591,909.0
1186,1204,4,521,4,15.6,8,12,16,3,2,2,2.09,1179.0
1187,1205,2,123,1,15.6,2,2,4,2,14,2,2.23,691.0
1188,1206,4,9,0,13.3,12,82,8,2,9,4,1.23,1099.0
1189,1207,2,420,3,17.3,5,25,16,11,30,2,4.2,2599.0
1190,1208,5,11,3,15.6,5,16,8,6,16,2,2.4,819.0
1191,1209,15,578,4,12.3,39,114,4,7,109,7,1.15,659.0
1192,1210,1,2,1,15.6,4,2,4,4,2,2,1.86,485.0
1193,1211,0,7,0,12.0,6,108,8,5,87,3,0.920,1163.0
1194,1212,4,524,4,13.3,7,2,8,2,2,2,1.6,1199.0
1195,1213,1,579,1,15.6,5,25,12,8,16,2,2.21,1327.0
1196,1214,5,580,1,15.6,4,9,4,6,11,1,1.9,368.0
1197,1215,3,581,3,17.3,5,72,16,17,50,2,4.3,2150.0
1198,1216,2,3,1,15.6,4,113,4,6,21,4,2.1,272.0
1199,1217,7,582,3,17.3,2,25,16,11,23,2,2.43,2048.9
1200,1218,4,83,1,15.6,4,50,4,0,77,2,2.3,499.0
1201,1219,5,566,1,15.6,4,44,8,4,27,1,2.2,629.0
1202,1220,4,104,4,15.6,8,7,16,3,8,2,2,1285.0
1203,1221,4,9,0,13.3,12,12,16,3,2,2,1.2,2680.0
1204,1222,3,583,3,15.6,2,72,8,6,23,2,2.2,1169.0
1205,1223,4,83,1,15.6,2,2,8,2,37,2,2.36,889.0
1206,1224,1,584,1,15.6,4,2,8,2,2,2,1.91,579.0
1207,1225,5,55,1,15.6,4,115,4,4,70,2,2.2,299.0
1208,1226,2,585,1,17.3,18,50,8,6,14,2,3.3,629.0
1209,1227,3,31,3,15.6,2,25,16,11,30,2,2.2,2449.0
1210,1228,0,7,0,12.0,6,95,8,31,40,3,0.920,1279.0
1211,1229,3,586,1,15.6,2,25,16,8,23,2,2.2,1749.0
1212,1230,7,458,3,17.3,5,72,16,11,23,2,2.43,1948.99
1213,1231,4,491,4,15.6,7,2,8,2,2,2,2.191,999.0
1214,1232,3,208,3,17.3,2,25,16,11,23,2,2.9,1949.0
1215,1233,2,587,2,11.6,4,51,2,13,20,7,1.3,174.0
1216,1234,2,588,1,17.3,18,9,4,6,14,2,3.3,598.0
1217,1235,5,129,1,17.3,18,2,8,6,2,1,2.8,539.0
1218,1236,5,351,3,15.6,5,72,8,8,73,2,2.6,1272.0
1219,1237,2,589,4,14.0,7,66,8,2,12,2,1.2,1149.0
1220,1238,5,590,1,15.6,5,49,8,2,9,2,2.3,1529.0
1221,1239,7,591,3,15.6,2,72,8,8,23,2,2.2,1476.11
1222,1240,1,592,1,15.6,2,58,6,6,18,2,2.1,529.0
1223,1241,4,593,0,12.5,8,82,8,2,9,8,1.26,1713.37
1224,1242,4,521,4,15.0,8,14,4,4,2,2,2.08,509.0
1225,1243,3,594,1,15.6,4,57,4,6,57,2,2.65,309.0
1226,1244,4,9,0,13.3,12,12,8,2,2,2,1.29,1477.0
1227,1245,4,155,1,15.6,4,2,4,6,9,4,2.18,521.86
1228,1246,5,351,3,15.6,7,72,16,8,69,2,2.6,1029.0
1229,1247,7,595,3,15.6,2,25,8,8,16,2,2.2,1149.0
1230,1248,5,74,2,12.5,7,112,16,3,9,2,1.3,1650.0
1231,1249,13,120,3,14.0,2,25,16,18,23,2,1.95,3499.0
1232,1250,4,6,1,15.6,21,14,8,6,2,2,2.3,469.01
1233,1251,7,596,3,17.3,2,25,16,11,23,2,2.7,1598.0
1234,1252,0,15,0,11.6,4,18,4,5,1,3,1.08,959.0
1235,1253,1,597,1,15.6,2,9,4,6,9,2,2.1,478.0
1236,1254,1,100,0,14.0,27,44,8,2,9,8,1.54,2198.19
1237,1255,4,545,1,15.6,4,35,4,4,9,8,2.24,737.0
1238,1256,7,598,3,15.6,2,72,8,8,69,2,2.3,1169.0
1239,1257,5,179,1,13.3,5,12,16,3,2,2,1.4,1499.0
1240,1258,5,193,1,15.6,2,60,6,2,18,2,2.2,597.57
1241,1259,3,599,0,13.3,2,44,8,2,9,2,1.45,1280.0
1242,1260,2,247,1,15.6,4,50,4,4,9,4,2.4,361.8
1243,1261,4,600,4,17.3,8,12,16,3,14,2,2.77,1799.0
1244,1262,1,100,1,14.0,2,35,4,2,9,8,1.54,1099.99
1245,1263,3,601,3,15.6,5,25,16,11,31,2,2.5,1600.0
1246,1264,4,235,1,14.0,4,2,4,4,2,2,1.6,875.0
1247,1265,3,602,3,15.6,5,72,16,11,30,2,2.34,2325.0
1248,1266,5,603,1,15.6,5,2,8,2,2,1,2.3,573.0
1249,1267,4,9,4,13.3,12,41,8,2,12,2,1.24,1813.0
1250,1268,4,192,1,15.6,4,57,4,4,20,4,2.2,324.0
1251,1269,1,12,1,15.6,4,22,4,4,28,2,1.86,399.0
1252,1270,5,566,1,15.6,2,73,6,0,27,2,2.4,569.0
1253,1271,5,604,1,14.0,5,35,8,2,9,2,1.9,1072.0
1254,1272,4,192,1,15.6,4,110,4,4,20,2,2.2,443.99
1255,1273,3,605,1,15.6,4,23,4,6,21,2,2,339.0
1256,1274,3,606,3,17.3,5,72,16,8,72,2,4.0,1900.0
1257,1275,4,155,1,15.6,4,9,4,4,9,2,2.29,490.0
1258,1276,5,607,1,15.6,2,44,8,16,101,8,2.32,895.0
1259,1277,7,608,3,15.6,2,72,8,8,69,2,2.4,1229.0
1260,1278,5,609,4,14.0,8,35,4,0,9,2,1.8,833.01
1261,1279,3,610,0,13.3,5,116,8,3,40,2,1.2,729.0
1262,1280,4,6,1,15.6,4,14,6,6,2,2,2.3,459.0
1263,1281,2,611,1,15.6,4,30,4,4,15,4,2.4,289.0
1264,1282,4,192,1,15.6,4,85,2,4,20,2,2.20,379.0
1265,1283,5,351,1,15.6,5,72,8,6,69,2,2.6,899.0
1266,1284,1,612,1,15.6,2,117,6,16,77,2,2.04,549.99
1267,1285,4,6,1,15.6,4,12,8,6,11,4,2.3,805.99
1268,1286,1,613,2,11.6,4,30,2,7,15,2,1.17,209.0
1269,1287,3,614,1,15.6,4,44,4,4,36,2,2.2,720.32
1270,1288,5,615,4,14.0,7,44,4,0,9,2,1.8,638.0
1271,1289,5,404,4,13.3,30,44,16,3,9,2,1.3,1499.0
1272,1290,5,342,1,14.0,4,85,2,10,20,2,1.5,229.0
1273,1291,1,616,1,15.6,4,44,6,6,101,2,2.19,764.0
1274,1292,3,617,1,15.6,4,85,4,4,20,2,2.2,369.0
1275,1293,3,610,0,13.3,5,116,8,3,40,2,1.2,729.0
1276,1294,4,6,1,15.6,4,14,6,6,2,2,2.3,459.0
1277,1295,2,611,1,15.6,4,30,4,4,15,4,2.4,289.0
1278,1296,4,192,1,15.6,4,85,2,4,20,2,2.20,379.0
1279,1297,5,351,1,15.6,5,72,8,6,69,2,2.6,899.0
1280,1298,1,612,1,15.6,2,117,6,16,77,2,2.04,549.99
1281,1299,4,6,1,15.6,4,12,8,6,11,4,2.3,805.99
1282,1300,1,613,2,11.6,4,30,2,7,15,2,1.17,209.0
1283,1301,3,614,1,15.6,4,44,4,4,36,2,2.2,720.32
1284,1302,5,615,4,14.0,7,44,4,0,9,2,1.8,638.0
1285,1303,5,404,4,13.3,30,44,16,3,9,2,1.3,1499.0
1286,1304,5,342,1,14.0,4,85,2,10,20,2,1.5,229.0
1287,1305,1,616,1,15.6,4,44,6,6,101,2,2.19,764.0
1288,1306,3,617,1,15.6,4,85,4,4,20,2,2.2,369.0
1289,1307,3,610,0,13.3,5,116,8,3,40,2,1.2,729.0
1290,1308,4,6,1,15.6,4,14,6,6,2,2,2.3,459.0
1291,1309,2,611,1,15.6,4,30,4,4,15,4,2.4,289.0
1292,1310,4,192,1,15.6,4,85,2,4,20,2,2.20,379.0
1293,1311,5,351,1,15.6,5,72,8,6,69,2,2.6,899.0
1294,1312,1,612,1,15.6,2,117,6,16,77,2,2.04,549.99
1295,1313,4,6,1,15.6,4,12,8,6,11,4,2.3,805.99
1296,1314,1,613,2,11.6,4,30,2,7,15,2,1.17,209.0
1297,1315,3,614,1,15.6,4,44,4,4,36,2,2.2,720.32
1298,1316,5,615,4,14.0,7,44,4,0,9,2,1.8,638.0
1299,1317,5,404,4,13.3,30,44,16,3,9,2,1.3,1499.0
1300,1318,5,342,1,14.0,4,85,2,10,20,2,1.5,229.0
1301,1319,1,616,1,15.6,4,44,6,6,101,2,2.19,764.0
1302,1320,3,617,1,15.6,4,85,4,4,20,2,2.2,369.0
